date,Rolling30dReturn
2010-02-17,0.26287743397435115
2010-02-18,1.547449604657869
2010-02-19,1.4538588710098166
2010-02-22,2.4755916291336666
2010-02-23,1.9703013842585326
2010-02-24,1.9703013842585326
2010-02-25,1.9703013842585326
2010-02-26,4.318577475231655
2010-03-02,6.348130934259788
2010-03-03,8.099075117639432
2010-03-04,7.45391881857671
2010-03-05,8.22006853842634
2010-03-08,8.22006853842634
2010-03-09,8.22006853842634
2010-03-10,8.22006853842634
2010-03-11,8.22006853842634
2010-03-12,8.22006853842634
2010-03-15,8.22006853842634
2010-03-16,8.22006853842634
2010-03-17,8.22006853842634
2010-03-18,8.22006853842634
2010-03-19,8.22006853842634
2010-03-22,8.22006853842634
2010-03-23,8.22006853842634
2010-03-25,8.22006853842634
2010-03-26,8.22006853842634
2010-03-29,8.22006853842634
2010-03-30,8.22006853842634
2010-03-31,8.22006853842634
2010-04-01,8.22006853842634
2010-04-05,7.936328288295913
2010-04-06,6.570936995213694
2010-04-07,6.669248210675938
2010-04-08,5.6057026048528025
2010-04-09,6.129007239683015
2010-04-12,6.129007239683015
2010-04-13,6.129007239683015
2010-04-15,3.7399772481761406
2010-04-16,1.7601979345774232
2010-04-19,0.1119282664122867
2010-04-20,0.7130030512364716
2010-04-21,0.0
2010-04-22,0.0
2010-04-23,0.0
2010-04-26,0.0
2010-04-27,0.0
2010-04-28,0.0
2010-04-29,0.0
2010-04-30,0.0
2010-05-03,0.0
2010-05-04,0.0
2010-05-05,0.0
2010-05-06,0.0
2010-05-07,0.0
2010-05-10,0.0
2010-05-11,0.0
2010-05-12,0.0
2010-05-13,1.0745998625076636
2010-05-14,-0.7674149598601798
2010-05-17,0.7671503000456159
2010-05-18,0.013518248221933149
2010-05-19,0.013518248221933149
2010-05-20,0.013518248221933149
2010-05-21,0.013518248221933149
2010-05-24,0.013518248221933149
2010-05-25,0.013518248221933149
2010-05-26,0.013518248221933149
2010-05-27,0.013518248221933149
2010-05-28,0.013518248221933149
2010-05-31,0.013518248221933149
2010-06-01,0.013518248221933149
2010-06-02,0.013518248221933149
2010-06-03,0.013518248221933149
2010-06-04,0.013518248221933149
2010-06-07,0.013518248221933149
2010-06-08,0.013518248221933149
2010-06-09,0.013518248221933149
2010-06-10,0.013518248221933149
2010-06-11,0.013518248221933149
2010-06-14,0.013518248221933149
2010-06-15,0.013518248221933149
2010-06-16,0.013518248221933149
2010-06-17,0.013518248221933149
2010-06-18,0.013518248221933149
2010-06-21,0.013518248221933149
2010-06-22,0.013518248221933149
2010-06-23,0.013518248221933149
2010-06-24,-1.0498004599861166
2010-06-25,0.7869725531852279
2010-06-28,-0.7478945763372935
2010-06-29,0.0
2010-06-30,0.0
2010-07-01,0.0
2010-07-02,0.0
2010-07-05,0.0
2010-07-06,0.0
2010-07-07,0.0
2010-07-08,0.0
2010-07-09,0.0
2010-07-12,0.0
2010-07-13,0.0
2010-07-14,0.0
2010-07-15,0.0
2010-07-16,3.4605581007525643
2010-07-19,3.241368787469878
2010-07-20,3.4103020187574717
2010-07-21,6.838661677316327
2010-07-22,4.946599069070334
2010-07-23,4.946599069070334
2010-07-26,4.946599069070334
2010-07-27,4.946599069070334
2010-07-28,4.946599069070334
2010-07-29,4.946599069070334
2010-07-30,4.946599069070334
2010-08-02,4.946599069070334
2010-08-03,5.804682226610702
2010-08-04,8.620513092100456
2010-08-05,8.075121459999647
2010-08-06,6.871625524157654
2010-08-09,6.871625524157654
2010-08-10,6.871625524157654
2010-08-11,6.871625524157654
2010-08-12,6.871625524157654
2010-08-13,6.871625524157654
2010-08-16,6.871625524157654
2010-08-17,6.871625524157654
2010-08-18,6.871625524157654
2010-08-19,6.871625524157654
2010-08-20,8.157121277245437
2010-08-23,8.176643246765236
2010-08-24,6.846897304281985
2010-08-25,5.241336660684182
2010-08-26,5.307204401762666
2010-08-27,1.7848795085870117
2010-08-30,2.0009765838590043
2010-08-31,1.834345656065417
2010-09-01,-1.4334298572356574
2010-09-02,0.34360840264582304
2010-09-03,0.34360840264582304
2010-09-06,0.34360840264582304
2010-09-07,0.34360840264582304
2010-09-08,0.34360840264582304
2010-09-09,0.34360840264582304
2010-09-13,1.867289444412168
2010-09-14,2.911911572869519
2010-09-15,1.622161518352927
2010-09-16,-1.2997084711984574
2010-09-17,-0.4428901740160862
2010-09-20,0.3291997372757427
2010-09-21,1.4621472389519496
2010-09-22,1.8736150002774732
2010-09-23,3.1737687640029044
2010-09-24,3.011323069734906
2010-09-27,3.848066995392929
2010-09-28,4.205822670929349
2010-09-29,3.637122353298916
2010-09-30,4.999594330395585
2010-10-01,7.982379872859657
2010-10-04,7.710555835223376
2010-10-05,9.906544485350288
2010-10-06,12.425329110360028
2010-10-07,14.140488661640793
2010-10-08,14.069095861913095
2010-10-11,14.069095861913095
2010-10-12,14.069095861913095
2010-10-13,18.924674276455235
2010-10-14,18.20276947283903
2010-10-15,17.604349902896455
2010-10-18,18.942533650416472
2010-10-19,18.496778337564535
2010-10-20,17.80587023518576
2010-10-21,16.740944889322982
2010-10-22,18.13230269425827
2010-10-25,15.428501279396034
2010-10-26,14.256827710727116
2010-10-27,14.768541094860389
2010-10-28,15.102800683154793
2010-10-29,14.688048692901878
2010-11-01,15.087038104317308
2010-11-02,13.801952229005332
2010-11-03,13.342305886642624
2010-11-04,11.914012364430526
2010-11-08,12.090497326423954
2010-11-09,11.187340960826585
2010-11-10,10.805616588262957
2010-11-11,11.413653437589598
2010-11-12,9.967952798051694
2010-11-15,6.930319990489875
2010-11-16,5.926052965357065
2010-11-18,3.7908626843952353
2010-11-19,2.7282981635919024
2010-11-22,2.7282981635919024
2010-11-23,2.7282981635919024
2010-11-24,2.7282981635919024
2010-11-25,2.7282981635919024
2010-11-26,-1.4659980172515241
2010-11-29,-0.8642171142480781
2010-11-30,-0.3597732513348828
2010-12-01,-1.4807930240106626
2010-12-02,-1.1101883498278564
2010-12-03,-0.5302191855119043
2010-12-06,0.3771564643699099
2010-12-07,-0.805081898031057
2010-12-08,0.0
2010-12-09,0.0
2010-12-10,0.0
2010-12-13,0.0
2010-12-14,0.0
2010-12-15,0.0
2010-12-16,0.0
2010-12-20,0.0
2010-12-21,0.0
2010-12-22,0.0
2010-12-23,0.0
2010-12-24,0.0
2010-12-27,0.0
2010-12-28,0.0
2010-12-29,0.0
2010-12-30,0.0
2010-12-31,0.0
2011-01-03,0.0
2011-01-04,0.0
2011-01-05,0.0
2011-01-06,0.0
2011-01-07,0.0
2011-01-10,0.0
2011-01-11,0.0
2011-01-12,0.0
2011-01-13,0.0
2011-01-14,0.0
2011-01-17,0.0
2011-01-18,0.0
2011-01-19,0.0
2011-01-20,0.0
2011-01-21,0.0
2011-01-24,0.0
2011-01-25,0.0
2011-01-27,0.0
2011-01-28,0.0
2011-01-31,0.0
2011-02-01,0.0
2011-02-02,0.0
2011-02-03,0.0
2011-02-04,0.0
2011-02-07,0.0
2011-02-08,0.0
2011-02-09,0.0
2011-02-10,0.0
2011-02-11,0.0
2011-02-14,0.0
2011-02-15,0.0
2011-02-16,0.0
2011-02-17,0.0
2011-02-18,0.0
2011-02-21,0.0
2011-02-22,0.0
2011-02-23,0.0
2011-02-24,0.0
2011-02-25,0.0
2011-02-28,0.0
2011-03-01,0.0
2011-03-03,0.0
2011-03-04,0.0
2011-03-07,0.0
2011-03-08,0.0
2011-03-09,0.0
2011-03-10,0.0
2011-03-11,0.0
2011-03-14,0.0
2011-03-15,0.0
2011-03-16,0.0
2011-03-17,0.0
2011-03-18,0.0
2011-03-21,0.0
2011-03-22,0.0
2011-03-23,0.0
2011-03-24,0.0
2011-03-25,0.0
2011-03-28,0.0
2011-03-29,0.0
2011-03-30,0.0
2011-03-31,0.0
2011-04-01,0.0
2011-04-04,0.0
2011-04-05,0.0
2011-04-06,0.0
2011-04-07,0.0
2011-04-08,0.0
2011-04-11,0.0
2011-04-13,0.0
2011-04-15,0.0
2011-04-18,0.0
2011-04-19,0.0
2011-04-20,0.0
2011-04-21,0.0
2011-04-25,0.0
2011-04-26,0.0
2011-04-27,0.0
2011-04-28,0.0
2011-04-29,0.0
2011-05-02,0.0
2011-05-03,0.0
2011-05-04,0.0
2011-05-05,0.0
2011-05-06,0.0
2011-05-09,0.0
2011-05-10,0.0
2011-05-11,0.0
2011-05-12,0.0
2011-05-13,0.0
2011-05-16,0.0
2011-05-17,0.0
2011-05-18,0.0
2011-05-19,0.0
2011-05-20,0.0
2011-05-23,0.0
2011-05-24,0.0
2011-05-25,0.0
2011-05-26,0.0
2011-05-27,0.0
2011-05-30,0.0
2011-05-31,0.0
2011-06-01,0.0
2011-06-02,0.0
2011-06-03,0.0
2011-06-06,0.0
2011-06-07,0.0
2011-06-08,0.0
2011-06-09,0.0
2011-06-10,0.0
2011-06-13,0.0
2011-06-14,0.0
2011-06-15,0.0
2011-06-16,0.0
2011-06-17,0.0
2011-06-20,0.0
2011-06-21,0.0
2011-06-22,0.0
2011-06-23,0.0
2011-06-24,0.0
2011-06-27,0.0
2011-06-28,0.0
2011-06-29,0.0
2011-06-30,0.0
2011-07-01,0.0
2011-07-04,0.0
2011-07-05,0.0
2011-07-06,0.0
2011-07-07,0.0
2011-07-08,0.0
2011-07-11,0.0
2011-07-12,0.0
2011-07-13,5.338950565722289
2011-07-14,5.98551978015911
2011-07-15,7.790572572893639
2011-07-18,7.1935655232496565
2011-07-19,7.653771355978356
2011-07-20,11.710485725399412
2011-07-21,10.892106802722012
2011-07-22,11.33428743815388
2011-07-25,11.73999883402923
2011-07-26,11.486216550709717
2011-07-27,12.339136035741882
2011-07-28,9.619756308371663
2011-07-29,9.619756308371663
2011-08-01,9.619756308371663
2011-08-02,9.619756308371663
2011-08-03,9.619756308371663
2011-08-04,9.619756308371663
2011-08-05,9.619756308371663
2011-08-08,9.619756308371663
2011-08-09,9.619756308371663
2011-08-10,9.619756308371663
2011-08-11,9.619756308371663
2011-08-12,9.619756308371663
2011-08-16,9.619756308371663
2011-08-17,9.619756308371663
2011-08-18,9.619756308371663
2011-08-19,9.619756308371663
2011-08-22,9.619756308371663
2011-08-23,9.619756308371663
2011-08-24,9.619756308371663
2011-08-25,4.0638393677356
2011-08-26,3.4289934471717354
2011-08-29,1.696979329283188
2011-08-30,2.2633735273930977
2011-09-02,1.8262109423852868
2011-09-05,-1.8715605822062886
2011-09-06,-1.1473769694121505
2011-09-07,-1.5399848233947244
2011-09-08,-1.8974785643293468
2011-09-09,-1.674162331528306
2011-09-12,-2.4206877703821905
2011-09-13,0.0
2011-09-14,0.0
2011-09-15,0.0
2011-09-16,0.0
2011-09-19,0.0
2011-09-20,0.0
2011-09-21,0.0
2011-09-22,0.0
2011-09-23,0.0
2011-09-26,0.0
2011-09-27,0.0
2011-09-28,0.0
2011-09-29,0.0
2011-09-30,0.0
2011-10-03,0.0
2011-10-04,0.0
2011-10-05,0.0
2011-10-07,0.0
2011-10-10,0.0
2011-10-11,0.0
2011-10-12,0.0
2011-10-13,0.0
2011-10-14,0.0
2011-10-17,5.063924256817343
2011-10-18,2.9680018420905396
2011-10-19,2.712089678852303
2011-10-20,3.6174745408082964
2011-10-21,3.5554231752183085
2011-10-24,2.7740194916446193
2011-10-25,5.863830985590024
2011-10-28,8.498718973094066
2011-10-31,8.77010548914743
2011-11-01,6.758073291354094
2011-11-02,6.015338555084604
2011-11-03,7.224814138405877
2011-11-04,6.82980918670657
2011-11-08,5.885614845017861
2011-11-09,5.007754776757323
2011-11-11,4.914288086107033
2011-11-14,4.914288086107033
2011-11-15,4.914288086107033
2011-11-16,4.914288086107033
2011-11-17,4.914288086107033
2011-11-18,4.914288086107033
2011-11-21,4.914288086107033
2011-11-22,4.914288086107033
2011-11-23,4.914288086107033
2011-11-24,4.914288086107033
2011-11-25,4.914288086107033
2011-11-28,4.914288086107033
2011-11-29,4.914288086107033
2011-11-30,4.914288086107033
2011-12-01,4.914288086107033
2011-12-02,-0.14242393073434778
2011-12-05,1.8901855034550108
2011-12-07,2.144049852495744
2011-12-08,1.2515394252231138
2011-12-09,1.3122102824006499
2011-12-12,2.082499648305003
2011-12-13,-0.8969474188141313
2011-12-14,-3.3036619426593528
2011-12-15,-3.5449238425397267
2011-12-16,-1.7270686407155122
2011-12-19,-1.0385765720169693
2011-12-20,-2.1548426741187288
2011-12-21,-1.7930586183597663
2011-12-22,-0.9173359009460702
2011-12-23,-0.08900932207246415
2011-12-26,0.0
2011-12-27,0.0
2011-12-28,0.0
2011-12-29,0.0
2011-12-30,0.0
2012-01-02,0.0
2012-01-03,0.0
2012-01-04,0.0
2012-01-05,0.0
2012-01-06,0.0
2012-01-09,0.0
2012-01-10,0.0
2012-01-11,0.0
2012-01-12,0.0
2012-01-13,0.0
2012-01-16,0.0
2012-01-17,0.0
2012-01-18,0.0
2012-01-19,0.0
2012-01-20,0.0
2012-01-23,0.0
2012-01-24,0.0
2012-01-25,0.0
2012-01-27,0.0
2012-01-30,0.0
2012-01-31,0.0
2012-02-01,0.0
2012-02-02,0.0
2012-02-03,0.0
2012-02-06,0.0
2012-02-07,5.169142306150953
2012-02-08,7.014811621381289
2012-02-09,7.289552756981754
2012-02-10,6.890924172103219
2012-02-13,9.60667923293228
2012-02-14,10.340222584395153
2012-02-15,13.459955411542124
2012-02-16,14.779947996359821
2012-02-17,14.500713676064713
2012-02-21,16.682278757502456
2012-02-22,13.860347597107792
2012-02-23,13.116878501142093
2012-02-24,13.116878501142093
2012-02-27,13.116878501142093
2012-02-28,13.116878501142093
2012-02-29,13.116878501142093
2012-03-01,13.116878501142093
2012-03-02,13.116878501142093
2012-03-05,13.116878501142093
2012-03-06,13.116878501142093
2012-03-07,13.116878501142093
2012-03-09,13.116878501142093
2012-03-12,15.010011820158798
2012-03-13,16.487585162464356
2012-03-14,15.248107683201862
2012-03-15,14.329880420312557
2012-03-16,14.329880420312557
2012-03-19,14.329880420312557
2012-03-20,14.329880420312557
2012-03-21,14.329880420312557
2012-03-22,8.710480957897705
2012-03-23,6.83556667352927
2012-03-26,6.561988080309766
2012-03-27,6.959389963016882
2012-03-28,4.309227521931125
2012-03-29,3.6157783104577845
2012-03-30,5.023504648726695
2012-04-02,3.5440910171984807
2012-04-03,4.157672538760315
2012-04-04,1.219098738757629
2012-04-09,1.3070313970298342
2012-04-10,2.630949083127665
2012-04-11,3.2343590739928096
2012-04-12,4.000801884436367
2012-04-13,4.202748012579116
2012-04-16,3.713979248517796
2012-04-17,2.4282288851577905
2012-04-18,2.4282288851577905
2012-04-19,2.4282288851577905
2012-04-20,2.4282288851577905
2012-04-23,2.4282288851577905
2012-04-24,2.4282288851577905
2012-04-25,0.7421992096406926
2012-04-26,-0.535653600079733
2012-04-27,0.5340717067439771
2012-04-30,1.341499521336531
2012-05-02,1.341499521336531
2012-05-03,1.341499521336531
2012-05-04,1.341499521336531
2012-05-07,1.341499521336531
2012-05-08,1.341499521336531
2012-05-09,1.341499521336531
2012-05-10,1.341499521336531
2012-05-11,1.341499521336531
2012-05-14,1.341499521336531
2012-05-15,1.341499521336531
2012-05-16,-2.7660429635669725
2012-05-17,-0.3192522630854011
2012-05-18,-0.53296804080325
2012-05-21,0.811793500871838
2012-05-22,3.9864915350947827
2012-05-23,0.8429094217470068
2012-05-24,1.540658608676182
2012-05-25,0.7306084053428252
2012-05-28,1.385202262635521
2012-05-29,3.1390990250073303
2012-05-30,3.5632749874518588
2012-05-31,8.250261996920493
2012-06-01,8.250261996920493
2012-06-04,8.250261996920493
2012-06-05,8.250261996920493
2012-06-06,8.250261996920493
2012-06-07,8.250261996920493
2012-06-08,8.250261996920493
2012-06-11,8.250261996920493
2012-06-12,8.250261996920493
2012-06-13,8.250261996920493
2012-06-14,8.250261996920493
2012-06-15,8.250261996920493
2012-06-18,8.250261996920493
2012-06-19,8.250261996920493
2012-06-20,8.250261996920493
2012-06-21,8.250261996920493
2012-06-22,8.250261996920493
2012-06-25,8.250261996920493
2012-06-26,8.250261996920493
2012-06-27,8.250261996920493
2012-06-28,5.870118909525357
2012-06-29,5.729800345396852
2012-07-02,5.340972214738615
2012-07-03,5.479133911541134
2012-07-04,7.466628807563103
2012-07-05,6.16752800662288
2012-07-06,6.372871954913029
2012-07-09,6.072380143253597
2012-07-10,5.04248010105357
2012-07-11,6.0211936937976995
2012-07-12,0.41201339544054694
2012-07-13,-0.09221718015954838
2012-07-16,-0.09221718015954838
2012-07-17,-0.09221718015954838
2012-07-18,-0.09221718015954838
2012-07-19,-0.09221718015954838
2012-07-20,-0.09221718015954838
2012-07-23,-0.09221718015954838
2012-07-24,-0.09221718015954838
2012-07-25,-0.09221718015954838
2012-07-26,-0.09221718015954838
2012-07-27,-0.09221718015954838
2012-07-30,-0.09221718015954838
2012-07-31,-0.09221718015954838
2012-08-01,-0.09221718015954838
2012-08-02,-0.09221718015954838
2012-08-03,-0.09221718015954838
2012-08-06,-0.09221718015954838
2012-08-07,-0.09221718015954838
2012-08-08,-0.09221718015954838
2012-08-09,-0.09221718015954838
2012-08-10,-0.09221718015954838
2012-08-13,-0.09221718015954838
2012-08-14,-0.9579143456699635
2012-08-16,-0.4020033400884193
2012-08-17,-0.4612933867558344
2012-08-21,-0.5925552039716009
2012-08-22,-1.146538281997278
2012-08-23,-1.4123890136735096
2012-08-24,-1.5014557568349685
2012-08-27,-0.5021616025309261
2012-08-28,0.0
2012-08-29,0.0
2012-08-30,0.0
2012-08-31,0.0
2012-09-03,0.0
2012-09-04,2.1791690277614517
2012-09-05,1.9770224020785543
2012-09-06,3.6780754476946065
2012-09-07,3.211070887054346
2012-09-10,2.596777576308118
2012-09-11,4.827715378107111
2012-09-12,9.09099380309617
2012-09-13,8.823215738927237
2012-09-14,9.695521850308065
2012-09-17,8.81269960101596
2012-09-18,7.773047984029846
2012-09-20,7.695200759489063
2012-09-21,9.024997408289149
2012-09-24,8.431859540380614
2012-09-25,9.514191015007057
2012-09-26,11.14363882002294
2012-09-27,11.72008188203777
2012-09-28,13.154891306954951
2012-10-01,13.633981865181145
2012-10-03,13.390773918828991
2012-10-04,13.390773918828991
2012-10-05,13.390773918828991
2012-10-08,13.390773918828991
2012-10-09,13.390773918828991
2012-10-10,13.390773918828991
2012-10-11,13.390773918828991
2012-10-12,13.390773918828991
2012-10-15,13.390773918828991
2012-10-16,13.390773918828991
2012-10-17,13.390773918828991
2012-10-18,10.972495663985482
2012-10-19,11.19247380233157
2012-10-22,9.368131525584111
2012-10-23,9.86299526231489
2012-10-25,10.520794704777781
2012-10-29,8.168697094881283
2012-10-30,3.9414620454312654
2012-10-31,4.197227722859775
2012-11-01,3.3686444133640414
2012-11-02,4.207297801267185
2012-11-05,5.21255178347706
2012-11-06,5.2886044309993
2012-11-07,4.004381210109442
2012-11-08,4.5733001347280755
2012-11-09,3.5397996076058424
2012-11-12,2.021829699534017
2012-11-15,1.4954267922532072
2012-11-16,0.2084599341217519
2012-11-19,-0.21402747871732686
2012-11-20,0.0
2012-11-21,0.0
2012-11-22,0.0
2012-11-23,0.0
2012-11-26,0.0
2012-11-27,0.0
2012-11-29,0.0
2012-11-30,0.0
2012-12-03,0.0
2012-12-04,0.0
2012-12-05,0.0
2012-12-06,0.0
2012-12-07,0.0
2012-12-10,0.0
2012-12-11,0.0
2012-12-12,0.0
2012-12-13,0.0
2012-12-14,0.0
2012-12-17,0.0
2012-12-18,0.0
2012-12-19,0.0
2012-12-20,0.0
2012-12-21,0.0
2012-12-24,0.0
2012-12-26,0.0
2012-12-27,0.0
2012-12-28,0.0
2012-12-31,0.0
2013-01-01,0.0
2013-01-02,0.0
2013-01-03,0.0
2013-01-04,0.0
2013-01-07,0.0
2013-01-08,0.0
2013-01-09,0.0
2013-01-10,0.0
2013-01-11,0.0
2013-01-14,0.0
2013-01-15,0.0
2013-01-16,0.0
2013-01-17,0.0
2013-01-18,0.0
2013-01-21,0.0
2013-01-22,0.0
2013-01-23,0.0
2013-01-24,0.0
2013-01-25,0.0
2013-01-28,0.0
2013-01-29,0.0
2013-01-30,0.0
2013-01-31,0.0
2013-02-01,0.0
2013-02-04,0.0
2013-02-05,0.0
2013-02-06,0.6026102632142871
2013-02-07,-0.33176676624920853
2013-02-08,-1.1474502674366338
2013-02-11,-1.0947851467998038
2013-02-12,-1.5857151567685746
2013-02-13,-1.006625898720026
2013-02-14,-1.3702895348226884
2013-02-15,-1.3702895348226884
2013-02-18,-1.3702895348226884
2013-02-19,-1.3702895348226884
2013-02-20,-1.3702895348226884
2013-02-21,-1.3702895348226884
2013-02-22,-1.3702895348226884
2013-02-25,-1.3702895348226884
2013-02-26,-1.3702895348226884
2013-02-27,-1.3702895348226884
2013-02-28,-1.3702895348226884
2013-03-01,0.3844185295910574
2013-03-04,0.21480487422087524
2013-03-05,-0.35779049897813886
2013-03-06,2.5714036031389
2013-03-07,3.6050528825716244
2013-03-08,3.6550042048509646
2013-03-11,2.610973867827493
2013-03-12,2.152391456749303
2013-03-13,2.7360037339197785
2013-03-14,3.1605657207380844
2013-03-15,3.8841403620254233
2013-03-18,3.9967774745175655
2013-03-19,2.6497365026276753
2013-03-20,2.034863940465703
2013-03-21,2.9914278322606513
2013-03-22,3.8412633567239896
2013-03-25,3.7859698853950796
2013-03-26,4.303696019478354
2013-03-28,3.6935425573098257
2013-04-01,4.07587735834396
2013-04-02,5.0048038293258434
2013-04-03,4.6152094228311125
2013-04-04,4.6152094228311125
2013-04-05,4.6152094228311125
2013-04-08,4.6152094228311125
2013-04-09,4.6152094228311125
2013-04-10,4.6152094228311125
2013-04-11,4.6152094228311125
2013-04-12,4.6152094228311125
2013-04-15,4.6152094228311125
2013-04-16,2.786547621294022
2013-04-17,2.9605139537816294
2013-04-18,3.5521780106843703
2013-04-22,2.857037352059577
2013-04-23,2.5235537455239543
2013-04-25,3.9178311356553586
2013-04-26,4.1237937961051685
2013-04-29,3.4397308175672325
2013-04-30,2.5173467848920605
2013-05-02,2.783752998769118
2013-05-03,2.302817713414096
2013-05-06,2.072171257078881
2013-05-07,4.744723499695036
2013-05-08,4.2012572181024055
2013-05-09,4.479559009255052
2013-05-10,5.464137830680849
2013-05-13,4.078098595100377
2013-05-14,3.768131906544747
2013-05-15,5.963559819383302
2013-05-16,6.627879325186581
2013-05-17,6.960754017123039
2013-05-20,6.33361708720277
2013-05-21,5.56145817160667
2013-05-22,6.38744765743644
2013-05-23,7.103921196018526
2013-05-24,8.136984920457468
2013-05-27,17.2642824547355
2013-05-28,17.392293272566818
2013-05-29,17.917035126920243
2013-05-30,20.55948076806935
2013-05-31,19.456714184188996
2013-06-03,18.094095392538236
2013-06-04,17.74443576129061
2013-06-05,14.628271928640423
2013-06-06,14.459012763218904
2013-06-07,11.987648629034187
2013-06-10,12.34152604590717
2013-06-11,13.592116609439753
2013-06-12,13.963055763814246
2013-06-13,13.19986933918129
2013-06-14,12.939865442241484
2013-06-17,13.072469362139616
2013-06-18,11.63339130973673
2013-06-19,12.215620216530931
2013-06-20,11.916711909511758
2013-06-21,10.871893959294155
2013-06-24,12.348408204126216
2013-06-25,12.68400511057235
2013-06-26,10.34933826310256
2013-06-27,9.66183309724351
2013-06-28,8.353446522716768
2013-07-01,9.398391780736336
2013-07-02,10.198617024196356
2013-07-03,9.34303771461411
2013-07-04,8.611585567242908
2013-07-05,7.573987846298058
2013-07-08,-0.7990629537268701
2013-07-09,-0.9072369464730667
2013-07-10,-1.3482090263913227
2013-07-11,-3.510477753736474
2013-07-12,-2.61973317270191
2013-07-15,-1.496119150563202
2013-07-16,-1.2035972115723825
2013-07-17,-0.7496476574812672
2013-07-18,-1.2744577225122455
2013-07-19,-0.49758115171072426
2013-07-22,0.0
2013-07-23,0.0
2013-07-24,0.0
2013-07-25,0.0
2013-07-26,0.0
2013-07-29,0.0
2013-07-30,0.0
2013-07-31,0.0
2013-08-01,0.0
2013-08-02,0.0
2013-08-05,0.0
2013-08-06,0.0
2013-08-07,0.0
2013-08-08,0.0
2013-08-12,0.0
2013-08-13,0.0
2013-08-14,0.0
2013-08-16,0.0
2013-08-19,0.0
2013-08-20,0.0
2013-08-21,0.0
2013-08-22,0.0
2013-08-23,0.0
2013-08-26,0.0
2013-08-27,0.0
2013-08-28,0.0
2013-08-29,0.0
2013-08-30,0.0
2013-09-02,0.0
2013-09-03,0.0
2013-09-04,0.0
2013-09-05,0.0
2013-09-06,0.0
2013-09-10,1.7995936369278098
2013-09-11,1.5644504980710572
2013-09-12,0.10298018751180305
2013-09-13,0.5922314110781812
2013-09-16,-0.7943769683405488
2013-09-17,-0.6247960029618693
2013-09-18,1.2002972600165362
2013-09-19,4.587588962186473
2013-09-20,3.437128790894395
2013-09-23,0.6246129486790153
2013-09-24,0.6534343773569429
2013-09-25,1.5287862492357585
2013-09-26,1.3454593373558366
2013-09-27,1.3454593373558366
2013-09-30,1.3454593373558366
2013-10-01,1.3454593373558366
2013-10-03,1.3454593373558366
2013-10-04,1.3454593373558366
2013-10-07,1.3454593373558366
2013-10-08,1.3454593373558366
2013-10-09,3.4115824476693923
2013-10-10,5.241281240753115
2013-10-11,4.398026178212633
2013-10-14,3.661474736187209
2013-10-15,3.661474736187209
2013-10-17,3.661474736187209
2013-10-18,3.661474736187209
2013-10-21,3.661474736187209
2013-10-22,3.661474736187209
2013-10-23,3.661474736187209
2013-10-24,1.8289671232872395
2013-10-25,2.064722673959607
2013-10-28,3.5548337741890146
2013-10-29,3.051173318311551
2013-10-30,4.491531395459081
2013-10-31,5.796357911193195
2013-11-01,3.791641359229758
2013-11-05,0.2043140161843704
2013-11-06,0.9380268396330882
2013-11-07,5.791887319127209
2013-11-08,5.29363355847845
2013-11-11,3.819621806423479
2013-11-12,4.314711920418435
2013-11-13,4.472758586621528
2013-11-14,5.949529298757161
2013-11-18,9.212246338575136
2013-11-19,8.854715200481934
2013-11-20,8.0305825096602
2013-11-21,6.458470166026964
2013-11-22,7.172693552044929
2013-11-25,7.0934217084664075
2013-11-26,6.831402912309659
2013-11-27,7.0474347544247085
2013-11-28,7.405111552153643
2013-11-29,8.498706736059658
2013-12-02,10.037877128768379
2013-12-03,9.328585817404988
2013-12-04,10.955102651484916
2013-12-05,11.440298659549297
2013-12-06,11.08197713231569
2013-12-09,11.225211089162567
2013-12-10,11.23851148787114
2013-12-11,11.424339819742602
2013-12-12,12.748248363999037
2013-12-13,11.55666172864478
2013-12-16,10.090249388324658
2013-12-17,11.132372496222963
2013-12-18,11.91367398820704
2013-12-19,12.335870831580253
2013-12-20,10.177556427945888
2013-12-23,10.667223224731304
2013-12-24,11.270768401888187
2013-12-26,10.942989814707405
2013-12-27,12.556628769715704
2013-12-30,10.111695254459473
2013-12-31,7.626682438664201
2014-01-01,8.634269868343637
2014-01-02,8.09249279622053
2014-01-03,11.837658447448952
2014-01-06,11.543406597854
2014-01-07,9.852316002510598
2014-01-08,8.213665306767615
2014-01-09,8.867591091713845
2014-01-10,9.276010709799776
2014-01-13,8.174580816083065
2014-01-14,8.724368184174658
2014-01-15,8.948065809341577
2014-01-16,9.581974387310076
2014-01-17,8.619857543531362
2014-01-20,12.294245855062002
2014-01-21,9.604175303103247
2014-01-22,9.941853939238188
2014-01-23,9.758498028371365
2014-01-24,8.469695626090212
2014-01-27,9.628308994813883
2014-01-28,9.531239441027871
2014-01-29,8.60525858196537
2014-01-30,8.090091381374132
2014-01-31,8.090091381374132
2014-02-03,8.090091381374132
2014-02-04,8.090091381374132
2014-02-05,8.090091381374132
2014-02-06,8.090091381374132
2014-02-07,6.379311053365644
2014-02-10,7.225685646403557
2014-02-11,6.424108072547763
2014-02-12,5.783325773055714
2014-02-13,7.12456273379698
2014-02-14,5.066200206747351
2014-02-17,4.641332843461443
2014-02-18,4.206404578098288
2014-02-19,6.200213274262012
2014-02-20,6.346503813702031
2014-02-21,9.461782441308442
2014-02-24,7.636666273925163
2014-02-25,5.310663953268047
2014-02-26,5.672635875302934
2014-02-28,3.4997513457522667
2014-03-03,3.961900665813789
2014-03-04,0.8845365080302869
2014-03-05,3.2274905289098488
2014-03-06,2.898129945808514
2014-03-07,2.898129945808514
2014-03-10,2.898129945808514
2014-03-11,2.898129945808514
2014-03-12,2.898129945808514
2014-03-13,2.898129945808514
2014-03-14,2.898129945808514
2014-03-18,2.898129945808514
2014-03-19,2.898129945808514
2014-03-20,2.898129945808514
2014-03-21,2.898129945808514
2014-03-24,2.898129945808514
2014-03-25,2.898129945808514
2014-03-26,2.898129945808514
2014-03-27,2.898129945808514
2014-03-28,2.898129945808514
2014-03-31,2.898129945808514
2014-04-01,2.898129945808514
2014-04-02,4.270665979259758
2014-04-03,3.6974310683714595
2014-04-04,0.5123960199158173
2014-04-07,0.37413089499998
2014-04-09,0.27452673630168345
2014-04-10,2.7673368583216895
2014-04-11,2.0262012711291355
2014-04-15,1.0725600682846004
2014-04-16,1.4111048133089055
2014-04-17,2.740442939080201
2014-04-21,3.278131099108439
2014-04-22,4.393715988672886
2014-04-23,4.803824094613529
2014-04-24,4.803824094613529
2014-04-25,3.7713406277174455
2014-04-28,4.847395858207304
2014-04-29,3.887629930825698
2014-04-30,4.555950110237728
2014-05-02,5.67682277992092
2014-05-05,6.477449247276756
2014-05-06,4.6332431078836445
2014-05-07,4.9669441951514015
2014-05-08,5.6990429669207865
2014-05-09,8.956307434172661
2014-05-12,7.117263238376048
2014-05-13,7.768880849841531
2014-05-14,6.366775111204737
2014-05-15,6.366775111204737
2014-05-16,6.366775111204737
2014-05-19,6.366775111204737
2014-05-20,4.9666475659258635
2014-05-21,5.546898650680565
2014-05-22,6.840743592265208
2014-05-23,6.840743592265208
2014-05-26,3.9031657639528206
2014-05-27,3.1018780326266704
2014-05-28,4.1306395078403835
2014-05-29,5.216206057265471
2014-05-30,4.8867136464185945
2014-06-02,5.198532140832124
2014-06-03,5.305250941052764
2014-06-04,4.339065904376316
2014-06-05,4.139756560366337
2014-06-06,6.934764384059089
2014-06-09,9.653914556050402
2014-06-10,11.02311828351834
2014-06-11,19.7940089928236
2014-06-12,20.098256779223366
2014-06-13,16.116712461170767
2014-06-16,16.125644112233715
2014-06-17,21.318544085207925
2014-06-18,23.484396751059577
2014-06-19,19.026200087461408
2014-06-20,15.467894732343401
2014-06-23,17.45030685890989
2014-06-24,16.740151127331625
2014-06-25,18.278996651733692
2014-06-26,18.278996651733692
2014-06-27,18.278996651733692
2014-06-30,18.278996651733692
2014-07-01,18.278996651733692
2014-07-02,20.659196492705977
2014-07-03,18.69498020110445
2014-07-04,19.064818268924544
2014-07-07,19.507109463445648
2014-07-08,17.690393213595513
2014-07-09,19.50371099688453
2014-07-10,19.172145758453606
2014-07-11,19.862744429421
2014-07-14,16.185605637625876
2014-07-15,15.463586190583323
2014-07-16,15.28747795756502
2014-07-17,15.056127402748354
2014-07-18,12.048847421286958
2014-07-21,10.357504751032787
2014-07-22,7.877871929035929
2014-07-23,0.9030984350900884
2014-07-24,0.004140921113116036
2014-07-25,2.3361232972629375
2014-07-28,1.5588244717243516
2014-07-30,-1.0748850317268466
2014-07-31,-3.1189579705992565
2014-08-01,-0.1863778810422989
2014-08-04,-0.1863778810422989
2014-08-05,-0.1863778810422989
2014-08-06,-0.1863778810422989
2014-08-07,-0.1863778810422989
2014-08-08,-0.1863778810422989
2014-08-11,1.9489374891389355
2014-08-12,2.577144886068816
2014-08-13,0.5214110938492
2014-08-14,0.8334349094470062
2014-08-18,6.633937515392563
2014-08-19,7.622106840123388
2014-08-20,7.304243417132672
2014-08-21,9.373002201600844
2014-08-22,7.96449349041688
2014-08-25,8.928789815681437
2014-08-26,9.334902136573287
2014-08-27,8.741912266262952
2014-08-28,8.268287041794542
2014-09-01,8.765725553307679
2014-09-02,10.67003151818231
2014-09-03,10.344063571447727
2014-09-04,9.705917756892003
2014-09-05,11.005972163767087
2014-09-08,10.96705572703276
2014-09-09,12.267077499912826
2014-09-10,13.195131550097038
2014-09-11,14.916698261784124
2014-09-12,16.677092532421934
2014-09-15,14.383621008844095
2014-09-16,14.383621008844095
2014-09-17,14.383621008844095
2014-09-18,19.336048181348488
2014-09-19,24.12551580396507
2014-09-22,23.657395545687375
2014-09-23,21.416324096838736
2014-09-24,18.873265292890864
2014-09-25,18.145256489008222
2014-09-26,20.561410356249056
2014-09-29,17.817427933266107
2014-09-30,13.252221503604723
2014-10-01,11.863804332729577
2014-10-07,11.779944370432593
2014-10-08,11.358502193357012
2014-10-09,11.099520524068286
2014-10-10,10.42237663088008
2014-10-13,9.378380881913584
2014-10-14,11.65549838735731
2014-10-15,12.143941143142566
2014-10-16,11.631052410284193
2014-10-17,9.710210100456052
2014-10-20,10.03430557750098
2014-10-21,10.67436158357198
2014-10-22,9.378190857797497
2014-10-27,9.416550075465713
2014-10-28,8.149536623444241
2014-10-29,7.262849942537719
2014-10-30,5.6559455095448685
2014-10-31,4.06183549962893
2014-11-03,6.148348011688554
2014-11-05,6.148348011688554
2014-11-07,6.148348011688554
2014-11-10,1.7432083156708522
2014-11-11,-2.182622718285454
2014-11-12,-1.8123230227832354
2014-11-13,0.0
2014-11-14,0.0
2014-11-17,0.0
2014-11-18,0.0
2014-11-19,0.0
2014-11-20,4.355484340482674
2014-11-21,4.386980894580561
2014-11-24,3.750473301183499
2014-11-25,1.5461551114262617
2014-11-26,1.4679324203835886
2014-11-27,1.4679324203835886
2014-11-28,1.4679324203835886
2014-12-01,2.6338751287301454
2014-12-02,5.008592492011754
2014-12-03,6.893193950798726
2014-12-04,7.124068750559265
2014-12-05,6.825630681922612
2014-12-08,7.159126054853826
2014-12-09,6.6483485298520995
2014-12-10,6.475690517820176
2014-12-11,6.760357178146936
2014-12-12,6.6770281089076455
2014-12-15,7.1604669728017045
2014-12-16,5.378114985853966
2014-12-17,5.378114985853966
2014-12-18,5.378114985853966
2014-12-19,5.378114985853966
2014-12-22,5.378114985853966
2014-12-23,5.378114985853966
2014-12-24,5.378114985853966
2014-12-26,5.378114985853966
2014-12-29,5.378114985853966
2014-12-30,5.378114985853966
2014-12-31,8.655554186786496
2015-01-01,8.173833318274193
2015-01-02,6.035007454379571
2015-01-05,5.030460636564338
2015-01-06,5.102466231485825
2015-01-07,6.9682649426358045
2015-01-08,10.465158068174718
2015-01-09,11.355256798458345
2015-01-12,12.625136443858342
2015-01-13,12.953128354553467
2015-01-14,10.690558461210742
2015-01-15,7.827383239124686
2015-01-16,7.249403724998693
2015-01-19,7.851919956734288
2015-01-20,7.815610601551581
2015-01-21,7.756700394168514
2015-01-22,7.781515973674691
2015-01-23,6.5419543406497915
2015-01-27,6.625177899156465
2015-01-28,6.144153914078543
2015-01-29,7.9394625856849865
2015-01-30,7.9394625856849865
2015-02-02,7.9394625856849865
2015-02-03,7.9394625856849865
2015-02-04,7.9394625856849865
2015-02-05,7.9394625856849865
2015-02-06,7.9394625856849865
2015-02-09,7.9394625856849865
2015-02-10,7.9394625856849865
2015-02-11,7.9394625856849865
2015-02-12,4.683623262480507
2015-02-13,5.149801490339412
2015-02-16,2.7936122332532953
2015-02-18,3.7454526426178747
2015-02-19,4.310417478470674
2015-02-20,4.715806377585663
2015-02-23,2.9291200559262265
2015-02-24,3.092989736730334
2015-02-25,3.896865142510131
2015-02-26,3.1352861456815484
2015-02-27,1.681415753921267
2015-03-02,6.065508894101201
2015-03-03,7.489975314690112
2015-03-04,7.0509115631179675
2015-03-05,8.149605561743755
2015-03-09,6.795309036909769
2015-03-10,6.943856945815141
2015-03-11,7.89962092148826
2015-03-12,7.89962092148826
2015-03-13,7.89962092148826
2015-03-16,7.89962092148826
2015-03-17,7.89962092148826
2015-03-18,7.89962092148826
2015-03-19,7.89962092148826
2015-03-20,7.89962092148826
2015-03-23,7.89962092148826
2015-03-24,7.89962092148826
2015-03-25,7.89962092148826
2015-03-26,7.89962092148826
2015-03-27,7.89962092148826
2015-03-30,7.89962092148826
2015-03-31,7.89962092148826
2015-04-01,7.89962092148826
2015-04-06,7.89962092148826
2015-04-07,7.89962092148826
2015-04-08,7.89962092148826
2015-04-09,6.379564150126438
2015-04-10,5.361495570300101
2015-04-13,3.3674995729784163
2015-04-15,2.6489065866961647
2015-04-16,3.842131869160048
2015-04-17,0.39158157077199274
2015-04-20,-0.6196122376859181
2015-04-21,-0.49225605493576907
2015-04-22,-1.776626434027917
2015-04-23,0.0
2015-04-24,0.0
2015-04-27,0.0
2015-04-28,0.0
2015-04-29,0.0
2015-04-30,0.0
2015-05-04,0.0
2015-05-05,0.0
2015-05-06,0.0
2015-05-07,0.0
2015-05-08,0.0
2015-05-11,0.0
2015-05-12,0.0
2015-05-13,0.0
2015-05-14,0.0
2015-05-15,0.0
2015-05-18,0.0
2015-05-19,0.0
2015-05-20,0.0
2015-05-21,0.0
2015-05-22,0.0
2015-05-25,0.0
2015-05-26,0.0
2015-05-27,0.0
2015-05-28,0.0
2015-05-29,0.0
2015-06-01,0.0
2015-06-02,0.0
2015-06-03,0.0
2015-06-04,0.0
2015-06-05,0.0
2015-06-08,0.0
2015-06-09,0.0
2015-06-10,0.0
2015-06-11,0.0
2015-06-12,0.0
2015-06-15,0.0
2015-06-16,0.0
2015-06-17,0.0
2015-06-18,0.0
2015-06-19,0.0
2015-06-22,0.0
2015-06-23,0.0
2015-06-24,0.0
2015-06-25,0.0
2015-06-26,0.0
2015-06-29,0.0
2015-06-30,0.0
2015-07-01,0.0
2015-07-02,1.052393434582033
2015-07-03,1.2590466225927077
2015-07-06,1.9860318046474923
2015-07-07,0.7177877761425977
2015-07-08,0.7177877761425977
2015-07-09,0.7177877761425977
2015-07-10,0.7177877761425977
2015-07-13,4.954235261031115
2015-07-14,10.261178826803906
2015-07-15,9.933244282880803
2015-07-16,15.390050972213354
2015-07-17,13.48499447698801
2015-07-20,14.37205859609385
2015-07-21,13.181331484015125
2015-07-22,15.895943039332883
2015-07-23,15.194424219434088
2015-07-24,15.353936383142885
2015-07-27,13.177237132890962
2015-07-28,14.879673009217242
2015-07-29,15.330059999990375
2015-07-30,17.738176081235512
2015-07-31,16.011177858274884
2015-08-03,15.270714899385563
2015-08-04,13.672955708507995
2015-08-05,13.672955708507995
2015-08-06,13.672955708507995
2015-08-07,13.672955708507995
2015-08-10,16.415063662092265
2015-08-11,21.35183515485273
2015-08-12,22.896824147408967
2015-08-13,18.11254652638665
2015-08-14,21.338003211275947
2015-08-17,21.34996699130656
2015-08-18,22.479346371330777
2015-08-19,23.072170611326715
2015-08-20,20.490788616482014
2015-08-21,18.377709949980602
2015-08-24,13.599427774543127
2015-08-25,8.131812075906787
2015-08-26,8.454372887315609
2015-08-27,3.3255550865384453
2015-08-28,5.060066514657624
2015-08-31,4.245225752849313
2015-09-01,5.341940334495798
2015-09-02,2.8745334435180236
2015-09-03,3.5010257567350545
2015-09-04,3.357903873926471
2015-09-07,5.345751232364981
2015-09-08,3.784601364693163
2015-09-09,3.3793017030330663
2015-09-10,1.2648697729240155
2015-09-11,2.7723473571946267
2015-09-14,3.432524718656582
2015-09-15,4.886346922670359
2015-09-16,4.886346922670359
2015-09-18,4.886346922670359
2015-09-21,4.886346922670359
2015-09-22,2.4157930521345516
2015-09-23,-1.7506323414579805
2015-09-24,-2.985767525878913
2015-09-28,-0.1073636912348519
2015-09-29,-2.961196172491831
2015-09-30,-3.662414888135357
2015-10-01,-3.3488392474882223
2015-10-05,-3.814396575625245
2015-10-06,-1.7537263144880355
2015-10-07,0.0
2015-10-08,0.0
2015-10-09,0.0
2015-10-12,0.0
2015-10-13,0.0
2015-10-14,0.0
2015-10-15,0.0
2015-10-16,0.0
2015-10-19,8.042989152453783
2015-10-20,6.07734989334372
2015-10-21,4.51066044119286
2015-10-23,5.175235363978148
2015-10-26,7.232746531344603
2015-10-27,9.614720001770905
2015-10-28,9.567171363122196
2015-10-29,7.8811784770165705
2015-10-30,10.56137409439064
2015-11-02,12.872631063364292
2015-11-03,12.311128014407945
2015-11-04,11.243853273814587
2015-11-05,8.349223148339902
2015-11-06,8.349223148339902
2015-11-09,8.349223148339902
2015-11-10,8.349223148339902
2015-11-13,8.349223148339902
2015-11-16,12.00600030830965
2015-11-17,12.474868983259046
2015-11-18,9.969732956404108
2015-11-19,11.607882751553088
2015-11-20,9.456570516508833
2015-11-23,9.202636400328167
2015-11-24,9.432629050303799
2015-11-26,9.846143228187888
2015-11-27,9.64244582757563
2015-11-30,8.924584444189666
2015-12-01,9.781954603120479
2015-12-02,8.438554140547172
2015-12-03,8.540759991333324
2015-12-04,0.46071553812452315
2015-12-07,2.322277187794053
2015-12-08,3.856161211810716
2015-12-09,3.199921175082854
2015-12-10,1.2197891990077592
2015-12-11,-0.9797589323954248
2015-12-14,-0.9367873232641766
2015-12-15,0.6113962821209462
2015-12-16,-1.8275949621720855
2015-12-17,-3.8378400779894406
2015-12-18,-3.3570743075351572
2015-12-21,-2.429881025271474
2015-12-22,0.17677731083609594
2015-12-23,0.17677731083609594
2015-12-24,0.17677731083609594
2015-12-28,0.17677731083609594
2015-12-29,0.17677731083609594
2015-12-30,-3.0937988209898015
2015-12-31,-3.4977671256601117
2016-01-01,-0.4715462305934115
2016-01-04,-3.1661530728128273
2016-01-05,-1.262933935964028
2016-01-06,-1.0333359113034568
2016-01-07,-1.241332425053887
2016-01-08,-1.6131079651959368
2016-01-11,-1.4303215086321708
2016-01-12,-0.7807035539455609
2016-01-13,-1.5555819414773797
2016-01-14,-0.3359947032874455
2016-01-15,-0.4298418852577979
2016-01-18,-0.4298418852577979
2016-01-19,-0.4298418852577979
2016-01-20,-0.4298418852577979
2016-01-21,-0.4298418852577979
2016-01-22,-0.4298418852577979
2016-01-25,-0.4298418852577979
2016-01-27,-0.4298418852577979
2016-01-28,-0.4298418852577979
2016-01-29,-0.4298418852577979
2016-02-01,-0.4298418852577979
2016-02-02,-0.4298418852577979
2016-02-03,-0.4298418852577979
2016-02-04,-0.4298418852577979
2016-02-05,-0.4298418852577979
2016-02-08,-0.4298418852577979
2016-02-09,-0.4298418852577979
2016-02-10,-0.4298418852577979
2016-02-11,-0.4298418852577979
2016-02-12,-0.4298418852577979
2016-02-15,-1.258066426177662
2016-02-16,0.0
2016-02-17,0.0
2016-02-18,0.0
2016-02-19,0.0
2016-02-22,0.0
2016-02-23,0.0
2016-02-24,0.0
2016-02-25,0.0
2016-02-26,0.0
2016-02-29,0.0
2016-03-01,0.0
2016-03-02,0.0
2016-03-03,0.0
2016-03-04,0.0
2016-03-08,0.0
2016-03-09,0.0
2016-03-10,0.0
2016-03-11,0.0
2016-03-14,0.0
2016-03-15,0.0
2016-03-16,0.0
2016-03-17,0.0
2016-03-18,0.0
2016-03-21,0.0
2016-03-22,0.0
2016-03-23,0.0
2016-03-28,0.0
2016-03-29,0.0
2016-03-30,0.0
2016-03-31,0.0
2016-04-01,0.0
2016-04-04,0.0
2016-04-05,0.0
2016-04-06,0.0
2016-04-07,0.0
2016-04-08,0.0
2016-04-11,0.0
2016-04-12,0.0
2016-04-13,0.0
2016-04-18,0.0
2016-04-20,0.0
2016-04-21,0.0
2016-04-22,0.0
2016-04-25,0.0
2016-04-26,0.0
2016-04-27,0.0
2016-04-28,0.0
2016-04-29,0.0
2016-05-02,0.0
2016-05-03,0.0
2016-05-04,0.0
2016-05-05,0.0
2016-05-06,0.0
2016-05-09,0.0
2016-05-10,0.0
2016-05-11,0.0
2016-05-12,0.0
2016-05-13,0.0
2016-05-16,0.0
2016-05-17,0.0
2016-05-18,0.0
2016-05-19,0.0
2016-05-20,0.0
2016-05-23,0.0
2016-05-24,0.0
2016-05-25,0.0
2016-05-26,0.0
2016-05-27,0.0
2016-05-30,0.0
2016-05-31,0.0
2016-06-01,0.0
2016-06-02,0.0
2016-06-03,0.0
2016-06-06,0.0
2016-06-07,0.0
2016-06-08,0.0
2016-06-09,0.0
2016-06-10,0.0
2016-06-13,0.0
2016-06-14,0.0
2016-06-15,0.0
2016-06-16,0.0
2016-06-17,0.0
2016-06-20,0.0
2016-06-21,0.0
2016-06-22,0.0
2016-06-23,0.0
2016-06-24,0.0
2016-06-27,0.0
2016-06-28,0.0
2016-06-29,0.0
2016-06-30,0.0
2016-07-01,0.0
2016-07-04,0.0
2016-07-05,0.0
2016-07-07,0.0
2016-07-08,0.0
2016-07-11,0.0
2016-07-12,0.0
2016-07-13,0.0
2016-07-14,0.0
2016-07-15,0.0
2016-07-18,0.0
2016-07-19,0.0
2016-07-20,0.0
2016-07-21,0.0
2016-07-22,0.0
2016-07-25,0.0
2016-07-26,0.0
2016-07-27,0.0
2016-07-28,0.0
2016-07-29,0.0
2016-08-01,0.0
2016-08-02,0.0
2016-08-03,0.0
2016-08-04,0.0
2016-08-05,0.0
2016-08-08,0.0
2016-08-09,0.0
2016-08-10,0.0
2016-08-11,0.0
2016-08-12,0.0
2016-08-16,0.0
2016-08-17,0.0
2016-08-18,0.0
2016-08-19,0.0
2016-08-22,0.0
2016-08-23,0.0
2016-08-24,0.0
2016-08-25,0.0
2016-08-26,0.0
2016-08-29,0.0
2016-08-30,0.0
2016-08-31,0.0
2016-09-01,0.0
2016-09-02,0.0
2016-09-06,0.0
2016-09-07,0.0
2016-09-08,0.0
2016-09-09,0.0
2016-09-12,0.0
2016-09-14,0.0
2016-09-15,0.0
2016-09-16,0.0
2016-09-19,0.0
2016-09-20,0.0
2016-09-21,0.0
2016-09-22,0.0
2016-09-23,0.0
2016-09-26,0.0
2016-09-27,0.0
2016-09-28,0.0
2016-09-29,0.0
2016-09-30,0.0
2016-10-03,0.0
2016-10-04,0.0
2016-10-05,0.0
2016-10-06,0.0
2016-10-07,0.0
2016-10-10,0.0
2016-10-13,0.0
2016-10-14,0.0
2016-10-17,0.0
2016-10-18,0.0
2016-10-19,0.0
2016-10-20,0.0
2016-10-21,0.0
2016-10-24,0.0
2016-10-25,0.0
2016-10-26,0.0
2016-10-27,0.0
2016-10-28,0.0
2016-11-01,0.0
2016-11-02,0.0
2016-11-03,0.0
2016-11-04,0.0
2016-11-07,0.0
2016-11-08,0.0
2016-11-09,0.0
2016-11-10,0.0
2016-11-11,0.0
2016-11-15,0.0
2016-11-16,0.0
2016-11-17,0.0
2016-11-18,0.0
2016-11-21,0.0
2016-11-22,0.0
2016-11-23,0.0
2016-11-24,0.0
2016-11-25,0.0
2016-11-28,0.0
2016-11-29,0.0
2016-11-30,0.0
2016-12-01,0.0
2016-12-02,0.0
2016-12-05,0.0
2016-12-06,0.0
2016-12-07,0.0
2016-12-08,0.0
2016-12-09,0.0
2016-12-12,0.0
2016-12-13,0.0
2016-12-14,0.0
2016-12-15,0.0
2016-12-16,0.0
2016-12-19,0.0
2016-12-20,0.0
2016-12-21,0.0
2016-12-22,0.0
2016-12-23,0.0
2016-12-26,0.0
2016-12-27,0.0
2016-12-28,0.0
2016-12-29,0.0
2016-12-30,0.0
2017-01-02,0.0
2017-01-03,0.0
2017-01-04,0.0
2017-01-05,0.0
2017-01-06,0.0
2017-01-09,0.0
2017-01-10,0.0
2017-01-11,0.0
2017-01-12,0.0
2017-01-13,0.0
2017-01-16,0.0
2017-01-17,0.0
2017-01-18,0.0
2017-01-19,0.0
2017-01-20,0.0
2017-01-23,0.0
2017-01-24,0.0
2017-01-25,0.0
2017-01-27,0.0
2017-01-30,0.0
2017-01-31,0.0
2017-02-01,0.0
2017-02-02,0.0
2017-02-03,0.0
2017-02-06,0.0
2017-02-07,0.0
2017-02-08,0.0
2017-02-09,0.0
2017-02-10,0.0
2017-02-13,0.0
2017-02-14,0.0
2017-02-15,0.0
2017-02-16,0.0
2017-02-17,0.0
2017-02-20,0.0
2017-02-21,0.0
2017-02-22,0.0
2017-02-23,0.0
2017-02-27,0.0
2017-02-28,0.0
2017-03-01,0.0
2017-03-02,0.0
2017-03-03,0.0
2017-03-06,0.0
2017-03-07,0.0
2017-03-08,0.0
2017-03-09,0.0
2017-03-10,0.0
2017-03-14,0.0
2017-03-15,0.0
2017-03-16,0.0
2017-03-17,0.0
2017-03-20,0.0
2017-03-21,0.0
2017-03-22,0.0
2017-03-23,0.0
2017-03-24,0.0
2017-03-27,0.0
2017-03-28,0.0
2017-03-29,0.0
2017-03-30,0.0
2017-03-31,0.0
2017-04-03,0.0
2017-04-05,0.5864970234489064
2017-04-06,0.561505165231857
2017-04-07,-0.6286902721499121
2017-04-10,-0.6286902721499121
2017-04-11,-0.6286902721499121
2017-04-12,-0.6286902721499121
2017-04-13,-0.6286902721499121
2017-04-17,-0.6286902721499121
2017-04-18,-0.6286902721499121
2017-04-19,-0.6286902721499121
2017-04-20,0.634648423360451
2017-04-21,-0.061200115915049924
2017-04-24,1.3455732223148331
2017-04-25,2.340820708093738
2017-04-26,5.065773675838203
2017-04-27,6.041226133942423
2017-04-28,6.227485418595102
2017-05-02,7.670282217113589
2017-05-03,8.474613937650055
2017-05-04,7.970114018106389
2017-05-05,7.305931378941155
2017-05-08,9.24097041023828
2017-05-09,10.037350809613743
2017-05-10,14.71822553496709
2017-05-11,15.23840613777363
2017-05-12,18.33136472895194
2017-05-15,18.959940029223567
2017-05-16,18.871956630578968
2017-05-17,17.651167831517967
2017-05-18,16.06070901418679
2017-05-19,15.38398537442902
2017-05-22,15.412660961556135
2017-05-23,16.794987740469793
2017-05-24,16.794987740469793
2017-05-25,16.794987740469793
2017-05-26,16.794987740469793
2017-05-29,16.794987740469793
2017-05-30,16.794987740469793
2017-05-31,16.794987740469793
2017-06-01,18.18195898581074
2017-06-02,17.081625676682677
2017-06-05,19.683111115149067
2017-06-06,17.210332854549293
2017-06-07,14.82518945933875
2017-06-08,15.49530131221828
2017-06-09,15.669272179747406
2017-06-12,13.152080257306809
2017-06-13,11.261783459377428
2017-06-14,11.3461266886709
2017-06-15,11.610827638160636
2017-06-16,13.674489219334408
2017-06-19,12.17996617659265
2017-06-20,11.680173185151554
2017-06-21,8.04941493995206
2017-06-22,7.102565789985249
2017-06-23,2.792809960078091
2017-06-27,2.2496605488515176
2017-06-28,2.3253409103122458
2017-06-29,3.387103681951653
2017-06-30,4.803887467316903
2017-07-03,4.803887467316903
2017-07-04,4.803887467316903
2017-07-05,4.803887467316903
2017-07-06,4.803887467316903
2017-07-07,4.803887467316903
2017-07-10,4.803887467316903
2017-07-11,4.803887467316903
2017-07-12,4.803887467316903
2017-07-13,4.803887467316903
2017-07-14,3.573919885424237
2017-07-17,3.2348506478523165
2017-07-18,1.694065918447718
2017-07-19,2.398107168254593
2017-07-20,3.5086264060967043
2017-07-21,0.23907084687835312
2017-07-24,-0.8323851534780546
2017-07-25,1.1959583543760477
2017-07-26,1.53616190814847
2017-07-27,0.7069363166865017
2017-07-28,0.9375415696894152
2017-07-31,-0.28146911095734417
2017-08-01,-0.7428599834288674
2017-08-02,-1.0202376624977139
2017-08-03,-1.868650532962124
2017-08-04,-1.4479883688684914
2017-08-07,0.0
2017-08-08,0.0
2017-08-09,0.0
2017-08-10,0.0
2017-08-11,0.0
2017-08-14,0.0
2017-08-16,0.0
2017-08-17,0.0
2017-08-18,0.0
2017-08-21,0.0
2017-08-22,0.0
2017-08-23,0.0
2017-08-24,0.0
2017-08-28,0.0
2017-08-29,0.0
2017-08-30,0.0
2017-08-31,0.0
2017-09-01,0.0
2017-09-04,0.0
2017-09-05,0.0
2017-09-06,0.0
2017-09-07,0.0
2017-09-08,0.0
2017-09-11,0.0
2017-09-12,0.0
2017-09-13,0.0
2017-09-14,0.0
2017-09-15,0.0
2017-09-18,0.0
2017-09-19,0.0
2017-09-20,0.0
2017-09-21,0.0
2017-09-22,0.0
2017-09-25,0.0
2017-09-26,0.0
2017-09-27,0.0
2017-09-28,0.0
2017-09-29,0.0
2017-10-03,0.0
2017-10-04,0.0
2017-10-05,1.5287260609893716
2017-10-06,2.1696109018782384
2017-10-09,2.9315239654081227
2017-10-10,6.479887694764663
2017-10-11,6.219640138694205
2017-10-12,9.258942023442973
2017-10-13,11.491347928721307
2017-10-16,11.466585371548167
2017-10-17,11.955989802965261
2017-10-18,11.091168250999273
2017-10-19,10.012816918895929
2017-10-23,9.230939899130997
2017-10-24,9.083243813130192
2017-10-25,9.083243813130192
2017-10-26,9.083243813130192
2017-10-27,9.083243813130192
2017-10-30,9.083243813130192
2017-10-31,11.821497532653646
2017-11-01,9.896067507852546
2017-11-02,8.685119958094333
2017-11-03,8.984991985342505
2017-11-06,8.984991985342505
2017-11-07,8.984991985342505
2017-11-08,8.984991985342505
2017-11-09,8.984991985342505
2017-11-10,8.984991985342505
2017-11-13,8.984991985342505
2017-11-14,8.984991985342505
2017-11-15,8.984991985342505
2017-11-16,8.984991985342505
2017-11-17,7.343996338409764
2017-11-20,6.670653850301567
2017-11-21,5.881063241586482
2017-11-22,2.352654895503825
2017-11-23,2.603427994142593
2017-11-24,-0.2507346611883676
2017-11-27,-2.248027304308098
2017-11-28,-2.226311479744203
2017-11-29,-2.653719397105503
2017-11-30,-1.8958989259146741
2017-12-01,-0.9342774436101986
2017-12-04,-0.225163231237957
2017-12-05,-0.09007050428020413
2017-12-06,-0.09007050428020413
2017-12-07,-0.09007050428020413
2017-12-08,-0.09007050428020413
2017-12-11,-0.09007050428020413
2017-12-12,-2.536637059866631
2017-12-13,-0.8290337799802816
2017-12-14,0.2759089996531072
2017-12-15,0.0
2017-12-18,0.0
2017-12-19,0.0
2017-12-20,0.0
2017-12-21,0.0
2017-12-22,0.0
2017-12-26,0.0
2017-12-27,0.0
2017-12-28,0.0
2017-12-29,0.0
2018-01-01,0.0
2018-01-02,0.0
2018-01-03,0.0
2018-01-04,0.0
2018-01-05,0.0
2018-01-08,0.0
2018-01-09,0.0
2018-01-10,1.7484908074810512
2018-01-11,2.4240869921495545
2018-01-12,1.5441849925435847
2018-01-15,2.2557909514870023
2018-01-16,2.588291319925684
2018-01-17,2.0803686421591694
2018-01-18,2.115502020782034
2018-01-19,5.367863804622419
2018-01-22,8.769063639981978
2018-01-23,10.115783152621049
2018-01-24,15.843851678179789
2018-01-25,20.008741587377777
2018-01-29,18.123974930759456
2018-01-30,18.123974930759456
2018-01-31,18.123974930759456
2018-02-01,18.123974930759456
2018-02-02,18.123974930759456
2018-02-05,18.123974930759456
2018-02-06,18.123974930759456
2018-02-07,18.123974930759456
2018-02-08,18.123974930759456
2018-02-09,18.123974930759456
2018-02-12,18.123974930759456
2018-02-14,18.123974930759456
2018-02-15,18.123974930759456
2018-02-16,18.123974930759456
2018-02-19,18.123974930759456
2018-02-20,18.123974930759456
2018-02-21,18.123974930759456
2018-02-22,18.123974930759456
2018-02-23,16.094080603379712
2018-02-26,15.32831621902886
2018-02-27,16.32766065278217
2018-02-28,15.51812746409713
2018-03-01,15.143720020041185
2018-03-05,15.716642192820473
2018-03-06,15.676829269976512
2018-03-07,12.106263395251094
2018-03-08,8.600709593071043
2018-03-09,7.272519478010708
2018-03-12,4.641016414607724
2018-03-13,-0.14788137917977062
2018-03-14,2.9670776017936884
2018-03-15,6.263968355935368
2018-03-16,6.263968355935368
2018-03-19,6.263968355935368
2018-03-20,6.263968355935368
2018-03-21,6.263968355935368
2018-03-22,6.263968355935368
2018-03-23,6.263968355935368
2018-03-26,6.263968355935368
2018-03-27,6.263968355935368
2018-03-28,6.263968355935368
2018-04-02,6.263968355935368
2018-04-03,6.263968355935368
2018-04-04,6.263968355935368
2018-04-05,6.263968355935368
2018-04-06,6.263968355935368
2018-04-09,6.263968355935368
2018-04-10,6.263968355935368
2018-04-11,6.263968355935368
2018-04-12,6.263968355935368
2018-04-13,6.263968355935368
2018-04-16,6.969140976196542
2018-04-17,7.905605792335457
2018-04-18,7.598196557373971
2018-04-19,8.053752647263735
2018-04-20,11.29722344016859
2018-04-23,11.979556420045023
2018-04-24,11.668836716307652
2018-04-25,13.889324402879598
2018-04-26,19.39514668651723
2018-04-27,18.738028396261107
2018-04-30,16.68825744327769
2018-05-02,15.71419894224919
2018-05-03,15.71419894224919
2018-05-04,15.71419894224919
2018-05-07,15.71419894224919
2018-05-08,15.71419894224919
2018-05-09,15.71419894224919
2018-05-10,15.71419894224919
2018-05-11,15.71419894224919
2018-05-14,15.71419894224919
2018-05-15,15.71419894224919
2018-05-16,15.71419894224919
2018-05-17,15.71419894224919
2018-05-18,18.064166186634733
2018-05-21,18.02723623830156
2018-05-22,17.382390646629453
2018-05-23,18.431224582759675
2018-05-24,19.8170857006839
2018-05-25,21.92040355742284
2018-05-28,19.019848393506834
2018-05-29,18.90909496703168
2018-05-30,18.597835336778147
2018-05-31,21.943728462423984
2018-06-01,20.1363765397218
2018-06-04,14.87859119109254
2018-06-05,14.662897753779847
2018-06-06,17.212081033555492
2018-06-07,12.743451486022629
2018-06-08,9.319837831830903
2018-06-11,9.116490601742067
2018-06-12,9.85111916762429
2018-06-13,11.280855326185502
2018-06-14,11.924572757792596
2018-06-15,12.48128008191587
2018-06-18,10.384875529515657
2018-06-19,10.384875529515657
2018-06-20,10.384875529515657
2018-06-21,10.384875529515657
2018-06-22,10.384875529515657
2018-06-25,10.384875529515657
2018-06-26,10.384875529515657
2018-06-27,10.384875529515657
2018-06-28,10.384875529515657
2018-06-29,8.187758062392913
2018-07-02,8.221609302520715
2018-07-03,9.806085783464379
2018-07-04,9.281105220613783
2018-07-05,7.159278067510333
2018-07-06,5.5714737042864115
2018-07-09,10.18772044440739
2018-07-10,9.903768046634976
2018-07-11,10.302225474742421
2018-07-12,8.105210272916175
2018-07-13,9.850513535330553
2018-07-16,11.570546882888323
2018-07-17,9.820250528910268
2018-07-18,7.905590009403318
2018-07-19,7.185758131610687
2018-07-20,6.667114561112464
2018-07-23,5.869217331589427
2018-07-24,6.9124004142543605
2018-07-25,7.008329615128739
2018-07-26,7.625237852958056
2018-07-27,6.598330465949043
2018-07-30,7.3855966084555025
2018-07-31,7.438263531885769
2018-08-01,8.641999286415714
2018-08-02,7.027450195628293
2018-08-03,10.444103817368777
2018-08-06,9.768502111824983
2018-08-07,8.306728428269118
2018-08-08,9.493346494494649
2018-08-09,7.868868732316936
2018-08-10,8.609627919439378
2018-08-13,10.033561902528266
2018-08-14,11.305913159665115
2018-08-16,9.107075577462332
2018-08-17,11.918135542856456
2018-08-20,12.183029157093994
2018-08-21,13.323057768232749
2018-08-23,11.537279641726727
2018-08-24,9.985353827323994
2018-08-27,10.496452184120496
2018-08-28,10.308174103793121
2018-08-29,9.89057788425347
2018-08-30,11.827964210299191
2018-08-31,14.155029539828789
2018-09-03,12.321664315482428
2018-09-04,12.321664315482428
2018-09-05,12.321664315482428
2018-09-06,8.93466225999402
2018-09-07,8.343065355234703
2018-09-10,7.102495319801561
2018-09-11,7.599067071420151
2018-09-12,8.838751739431249
2018-09-14,8.785398287730995
2018-09-17,7.580073695493894
2018-09-18,9.202959318335724
2018-09-19,5.82470123516321
2018-09-21,6.47602968793104
2018-09-24,7.913095144399085
2018-09-25,6.743602820159111
2018-09-26,8.351134363540623
2018-09-27,7.612138201299246
2018-09-28,6.219539634750726
2018-10-01,4.058656429991814
2018-10-03,5.721081707973097
2018-10-04,3.8907339166544874
2018-10-05,3.389318789121276
2018-10-08,0.4511553816684888
2018-10-09,1.7432555826955465
2018-10-10,2.181421850800147
2018-10-11,1.2167575686588217
2018-10-12,0.8527330112938714
2018-10-15,1.1995059413089093
2018-10-16,0.6044839271654112
2018-10-17,-1.6060310542048373
2018-10-19,0.0
2018-10-22,0.0
2018-10-23,0.0
2018-10-24,0.0
2018-10-25,0.0
2018-10-26,0.0
2018-10-29,0.0
2018-10-30,0.0
2018-10-31,0.0
2018-11-01,0.0
2018-11-02,0.0
2018-11-05,0.0
2018-11-06,0.0
2018-11-07,0.0
2018-11-09,0.0
2018-11-12,0.0
2018-11-13,0.0
2018-11-14,0.0
2018-11-15,0.0
2018-11-16,0.0
2018-11-19,0.0
2018-11-20,0.0
2018-11-21,0.0
2018-11-22,0.0
2018-11-26,0.0
2018-11-27,0.0
2018-11-28,0.0
2018-11-29,0.0
2018-11-30,0.0
2018-12-03,0.0
2018-12-04,0.0
2018-12-05,0.0
2018-12-06,0.0
2018-12-07,0.0
2018-12-10,0.0
2018-12-11,0.0
2018-12-12,0.0
2018-12-13,0.0
2018-12-14,0.0
2018-12-17,0.0
2018-12-18,0.0
2018-12-19,0.0
2018-12-20,0.0
2018-12-21,0.0
2018-12-24,0.0
2018-12-26,0.0
2018-12-27,0.0
2018-12-28,0.0
2018-12-31,0.0
2019-01-01,0.0
2019-01-02,0.0
2019-01-03,0.0
2019-01-04,0.0
2019-01-07,0.0
2019-01-08,0.0
2019-01-09,0.0
2019-01-10,0.0
2019-01-11,0.0
2019-01-14,0.0
2019-01-15,0.0
2019-01-16,0.0
2019-01-17,0.0
2019-01-18,0.0
2019-01-21,0.0
2019-01-22,1.9867836334356515
2019-01-23,0.5816986635007293
2019-01-24,1.2526877853582086
2019-01-25,0.9552797832947713
2019-01-28,0.583762314610814
2019-01-29,0.7758633129506531
2019-01-30,0.7758633129506531
2019-01-31,0.7758633129506531
2019-02-01,0.7758633129506531
2019-02-04,0.7758633129506531
2019-02-05,1.5416106512144756
2019-02-06,0.5593654377535673
2019-02-07,1.4480451772029834
2019-02-08,1.8299102918232002
2019-02-11,2.51696675549975
2019-02-12,1.2902659090274993
2019-02-14,1.1974354218267091
2019-02-15,1.1974354218267091
2019-02-18,1.1974354218267091
2019-02-19,1.1974354218267091
2019-02-20,1.1974354218267091
2019-02-21,1.1974354218267091
2019-02-22,1.1974354218267091
2019-02-25,1.1974354218267091
2019-02-26,1.1974354218267091
2019-02-27,1.1974354218267091
2019-02-28,1.1974354218267091
2019-03-01,1.1974354218267091
2019-03-05,1.1974354218267091
2019-03-06,1.1974354218267091
2019-03-07,-0.7739710808471467
2019-03-08,0.6121757402268058
2019-03-11,-0.05456878700210721
2019-03-12,0.2398642637133408
2019-03-13,0.6101115061658113
2019-03-14,0.4183264672880105
2019-03-15,3.269561779051844
2019-03-18,3.2139615440618385
2019-03-19,3.9966375850511993
2019-03-20,3.9695913302496555
2019-03-22,2.5549144330079265
2019-03-25,3.556651798594923
2019-03-26,2.649500771900626
2019-03-27,2.2645621692284346
2019-03-28,1.5791972909347418
2019-04-01,2.809397312451889
2019-04-02,3.5671329748996117
2019-04-03,2.913810438466058
2019-04-04,3.3677121027087864
2019-04-05,4.750882143515556
2019-04-08,3.236253631486452
2019-04-09,3.0421773290534304
2019-04-10,3.3468684481736233
2019-04-11,3.1063185063345378
2019-04-12,3.0901119275093647
2019-04-15,4.500887365582673
2019-04-16,5.121575172720028
2019-04-18,5.19371000229969
2019-04-22,4.880451352003656
2019-04-23,4.214053087501313
2019-04-24,4.8921686905706085
2019-04-25,4.316093999153492
2019-04-26,5.545846282397204
2019-04-30,5.001836790466618
2019-05-02,5.309126234784101
2019-05-03,5.1199790348603225
2019-05-06,1.6283275127508823
2019-05-07,1.4526158680247647
2019-05-08,0.6890860695669909
2019-05-09,0.7152789461834175
2019-05-10,1.334586487250955
2019-05-13,1.334586487250955
2019-05-14,1.334586487250955
2019-05-15,1.334586487250955
2019-05-16,1.334586487250955
2019-05-17,2.7687551415510603
2019-05-20,3.9195268624869772
2019-05-21,5.00414522830861
2019-05-22,4.463525642405797
2019-05-23,3.1489414463004906
2019-05-24,4.521979283098054
2019-05-27,6.167509869902399
2019-05-28,5.043243461130031
2019-05-29,6.118254034219084
2019-05-30,7.842827888261383
2019-05-31,5.868628301644185
2019-06-03,5.753455082038106
2019-06-04,5.448688638825061
2019-06-06,5.4323423904408585
2019-06-07,6.43716479681451
2019-06-10,5.997060007919441
2019-06-11,6.9227701752421655
2019-06-12,4.819008480532627
2019-06-13,6.078260804610647
2019-06-14,5.76872704450575
2019-06-17,5.959041566480083
2019-06-18,6.573481561494887
2019-06-19,6.815571732682346
2019-06-20,6.815571732682346
2019-06-21,6.815571732682346
2019-06-24,6.815571732682346
2019-06-25,6.815571732682346
2019-06-26,6.815571732682346
2019-06-27,6.815571732682346
2019-06-28,6.815571732682346
2019-07-01,5.324928544885088
2019-07-02,3.4913786060428054
2019-07-03,3.0725888986135708
2019-07-04,3.1510620462144034
2019-07-05,3.086269232794425
2019-07-08,3.2246516206107856
2019-07-09,1.8161401093672813
2019-07-10,2.6024762393674017
2019-07-11,1.800031104048272
2019-07-12,0.18783877308665708
2019-07-15,0.6783345052964629
2019-07-16,0.1928803466122897
2019-07-17,1.5481986162570571
2019-07-18,1.85785397239
2019-07-19,0.4053222796982947
2019-07-22,0.1704061144527147
2019-07-23,-0.1484525330696429
2019-07-24,0.6688540985200442
2019-07-25,-0.010814212359611108
2019-07-26,-0.010814212359611108
2019-07-29,-0.010814212359611108
2019-07-30,-0.010814212359611108
2019-07-31,-0.010814212359611108
2019-08-01,-0.010814212359611108
2019-08-02,-0.010814212359611108
2019-08-05,-0.010814212359611108
2019-08-06,-0.010814212359611108
2019-08-07,-0.010814212359611108
2019-08-08,-0.010814212359611108
2019-08-09,-0.010814212359611108
2019-08-13,-0.010814212359611108
2019-08-14,-0.010814212359611108
2019-08-16,-0.010814212359611108
2019-08-19,-0.010814212359611108
2019-08-20,2.1563087767509037
2019-08-21,1.8217721635481965
2019-08-22,0.7148527607176769
2019-08-23,1.0234984670586922
2019-08-26,3.237593444433684
2019-08-27,4.509180111261579
2019-08-28,7.3201680059097995
2019-08-29,5.985931922037957
2019-08-30,3.285287157873684
2019-09-03,3.2948610131399825
2019-09-04,4.463680178775209
2019-09-05,4.463680178775209
2019-09-06,4.463680178775209
2019-09-09,4.463680178775209
2019-09-11,4.463680178775209
2019-09-12,4.463680178775209
2019-09-13,4.463680178775209
2019-09-16,4.463680178775209
2019-09-17,4.463680178775209
2019-09-18,4.463680178775209
2019-09-19,4.463680178775209
2019-09-20,4.463680178775209
2019-09-23,8.234014450217897
2019-09-24,8.211350707755205
2019-09-25,6.796359532962648
2019-09-26,7.870579779815978
2019-09-27,8.603089868941517
2019-09-30,8.667575298565477
2019-10-01,7.028910151714274
2019-10-03,5.6710371914473034
2019-10-04,3.429353474378094
2019-10-07,3.7691718146195985
2019-10-09,4.9096600996012985
2019-10-10,4.589141441717004
2019-10-11,2.346060360224067
2019-10-14,1.1007928572365655
2019-10-15,0.5183112818425872
2019-10-16,1.397552539489899
2019-10-17,4.005567933110954
2019-10-18,5.455845394433356
2019-10-22,6.474224106423265
2019-10-23,6.580477407317931
2019-10-24,7.398357673049527
2019-10-25,7.067312548577043
2019-10-27,7.249362124558667
2019-10-29,7.062512335531701
2019-10-30,6.179966534108194
2019-10-31,5.041302836963424
2019-11-01,5.5622531974558465
2019-11-04,6.561624582534287
2019-11-05,5.059942486827684
2019-11-06,5.87719826669999
2019-11-07,2.8580413932127735
2019-11-08,2.3092077886278206
2019-11-11,5.289215765063537
2019-11-13,4.240701818248693
2019-11-14,3.537615323457999
2019-11-15,3.476174110768482
2019-11-18,5.060445125062341
2019-11-19,6.410471976511456
2019-11-20,6.410471976511456
2019-11-21,6.410471976511456
2019-11-22,6.410471976511456
2019-11-25,6.410471976511456
2019-11-26,6.410471976511456
2019-11-27,6.410471976511456
2019-11-28,4.2237857022803915
2019-11-29,4.620713196519555
2019-12-02,3.494775818735274
2019-12-03,2.071467891392542
2019-12-04,1.0951995891388622
2019-12-05,0.9944147275745774
2019-12-06,0.22530297815419598
2019-12-09,0.535193056740435
2019-12-10,0.3645403935949476
2019-12-11,0.5397006134444382
2019-12-12,2.170002692801476
2019-12-13,2.8106925388351245
2019-12-16,2.051526288832539
2019-12-17,5.884837934250453
2019-12-18,7.666023425525337
2019-12-19,6.252864435215177
2019-12-20,4.520462290511773
2019-12-23,5.340814934092797
2019-12-24,4.55186149351452
2019-12-26,4.394803595601537
2019-12-27,3.2800853801530305
2019-12-30,3.536417732892372
2019-12-31,3.463703318474365
2020-01-01,2.76828953965349
2020-01-02,2.733881015096795
2020-01-03,3.9630331640087446
2020-01-06,4.355754492561692
2020-01-07,5.1868862685472195
2020-01-08,6.932149713868685
2020-01-09,8.10092384966734
2020-01-10,7.871156920303046
2020-01-13,9.615507162285919
2020-01-14,10.148003716874786
2020-01-15,10.134743076890352
2020-01-16,10.328427221126013
2020-01-17,10.716252596471554
2020-01-20,10.716252596471554
2020-01-21,10.716252596471554
2020-01-22,10.716252596471554
2020-01-23,14.572117624527747
2020-01-24,13.64431311922023
2020-01-27,13.80202009966136
2020-01-28,16.11768834852878
2020-01-29,9.47770718624521
2020-01-30,9.205489724475257
2020-01-31,14.719670001058871
2020-02-03,13.630279537592305
2020-02-04,15.238093017933906
2020-02-05,14.410553277226978
2020-02-06,12.984511063718095
2020-02-07,13.376026526540219
2020-02-10,12.81758016558121
2020-02-11,12.335426285104267
2020-02-12,14.458460045926703
2020-02-13,13.238954102585732
2020-02-14,12.082016540146135
2020-02-17,11.649096131985281
2020-02-18,11.502906364588128
2020-02-19,11.020759195163965
2020-02-20,8.508879018022931
2020-02-24,8.034300084686862
2020-02-25,7.700303218827886
2020-02-26,6.894998631260019
2020-02-27,7.314540010049386
2020-02-28,7.126146815571666
2020-03-02,6.75089713791599
2020-03-03,6.75089713791599
2020-03-04,6.75089713791599
2020-03-05,6.75089713791599
2020-03-06,3.15825121740807
2020-03-09,3.1915729287101735
2020-03-11,3.516498606854501
2020-03-12,1.702444580609841
2020-03-13,2.9906091710109717
2020-03-16,2.9906091710109717
2020-03-17,-1.422692234495071
2020-03-18,0.5138334810282474
2020-03-19,-1.112140918039528
2020-03-20,-1.193604588796715
2020-03-23,0.20401406581405102
2020-03-24,0.9357677656199659
2020-03-25,1.1842685105676098
2020-03-26,1.6899782522066253
2020-03-27,0.4791342921382613
2020-03-30,1.5952414879137455
2020-03-31,1.4303755815317842
2020-04-01,1.4404804436662921
2020-04-03,0.7708970078494248
2020-04-07,-0.44331647880744285
2020-04-08,0.7600162675294175
2020-04-09,1.4182032369876252
2020-04-13,0.11380960707660925
2020-04-15,0.38039371597924365
2020-04-16,0.0
2020-04-17,0.0
2020-04-20,0.0
2020-04-21,0.0
2020-04-22,0.0
2020-04-23,0.0
2020-04-24,0.0
2020-04-27,0.0
2020-04-28,0.0
2020-04-29,0.0
2020-04-30,0.0
2020-05-04,0.0
2020-05-05,0.0
2020-05-06,0.0
2020-05-07,0.0
2020-05-08,0.0
2020-05-11,0.0
2020-05-12,0.0
2020-05-13,0.0
2020-05-14,0.0
2020-05-15,0.0
2020-05-18,0.0
2020-05-19,0.0
2020-05-20,0.0
2020-05-21,0.0
2020-05-22,0.0
2020-05-26,0.0
2020-05-27,0.0
2020-05-28,0.0
2020-05-29,0.0
2020-06-01,0.0
2020-06-02,0.0
2020-06-03,0.0
2020-06-04,0.0
2020-06-05,0.0
2020-06-08,0.0
2020-06-09,0.0
2020-06-10,0.0
2020-06-11,0.0
2020-06-12,0.0
2020-06-15,0.0
2020-06-16,0.0
2020-06-17,0.0
2020-06-18,0.0
2020-06-19,0.0
2020-06-22,0.0
2020-06-23,0.0
2020-06-24,0.0
2020-06-25,0.0
2020-06-26,0.0
2020-06-29,0.0
2020-06-30,0.0
2020-07-01,0.0
2020-07-02,0.0
2020-07-03,0.0
2020-07-06,0.0
2020-07-07,0.0
2020-07-08,0.0
2020-07-09,0.0
2020-07-10,0.0
2020-07-13,0.0
2020-07-14,0.0
2020-07-15,0.0
2020-07-16,0.0
2020-07-17,0.0
2020-07-20,0.0
2020-07-21,0.0
2020-07-22,0.0
2020-07-23,0.0
2020-07-24,0.0
2020-07-27,1.0277275549949616
2020-07-28,3.3132957821731646
2020-07-29,6.304598414683649
2020-07-30,8.237232073179612
2020-07-31,7.195804993223076
2020-08-03,5.019211349080255
2020-08-04,6.067351760507167
2020-08-05,5.772894442229948
2020-08-06,8.903856674092392
2020-08-07,8.063648902468422
2020-08-10,8.784187669394395
2020-08-11,8.649771523399385
2020-08-12,8.138716366363274
2020-08-13,7.817980284323722
2020-08-14,6.323950243390897
2020-08-17,7.6617997028783025
2020-08-18,9.789727826995831
2020-08-19,9.40089887873028
2020-08-20,8.299489523049353
2020-08-21,7.857931110917571
2020-08-24,8.992420834933434
2020-08-25,9.165576888108507
2020-08-26,10.776373567757691
2020-08-27,9.849951850673433
2020-08-28,13.407140208215074
2020-08-31,13.407140208215074
2020-09-01,13.407140208215074
2020-09-02,13.407140208215074
2020-09-03,13.407140208215074
2020-09-04,13.407140208215074
2020-09-07,12.253480260140792
2020-09-08,9.770131084893352
2020-09-09,6.681311908846244
2020-09-10,4.776460036912322
2020-09-11,5.79438273296673
2020-09-14,7.987042324335913
2020-09-15,6.919931841308391
2020-09-16,7.217582355330876
2020-09-17,5.155100192110473
2020-09-18,3.3338769897164333
2020-09-21,2.649438691255912
2020-09-22,2.776431521005751
2020-09-23,3.262144937213063
2020-09-24,3.5693283559974143
2020-09-25,5.024651333829611
2020-09-28,6.5736722046744855
2020-09-29,2.71174658761828
2020-09-30,3.087476685006618
2020-10-01,5.9537634277509355
2020-10-05,6.988571347346584
2020-10-06,8.147856977935453
2020-10-07,7.245477642742504
2020-10-08,7.089763048437692
2020-10-09,7.9629887631459395
2020-10-12,8.565564295673479
2020-10-13,12.534019941145335
2020-10-14,9.047824673532423
2020-10-15,9.047824673532423
2020-10-16,9.047824673532423
2020-10-19,9.047824673532423
2020-10-20,9.047824673532423
2020-10-21,9.047824673532423
2020-10-22,9.047824673532423
2020-10-23,9.047824673532423
2020-10-26,9.047824673532423
2020-10-27,9.047824673532423
2020-10-28,9.047824673532423
2020-10-29,9.047824673532423
2020-10-30,7.9900653616866935
2020-11-02,10.747786178441189
2020-11-03,10.747786178441189
2020-11-04,10.747786178441189
2020-11-05,10.747786178441189
2020-11-06,10.747786178441189
2020-11-09,13.871902227895472
2020-11-10,9.090883302895602
2020-11-11,14.379041952883309
2020-11-12,13.825190435815804
2020-11-13,11.403456805206913
2020-11-14,11.357478694942035
2020-11-17,9.466886780462968
2020-11-18,11.592597578570473
2020-11-19,10.319123776264938
2020-11-20,12.812995754152956
2020-11-23,10.517881404733021
2020-11-24,7.453036370753985
2020-11-25,8.443040494889974
2020-11-26,9.819388018027087
2020-11-27,11.72278144817749
2020-12-01,12.08143151317913
2020-12-02,9.962325348744194
2020-12-03,10.76377071972523
2020-12-04,10.719205094626494
2020-12-07,10.11932392274424
2020-12-08,11.007722033194622
2020-12-09,13.188977352391863
2020-12-10,13.192208529231685
2020-12-11,14.078158502473293
2020-12-14,14.758602755205485
2020-12-15,15.965052439080484
2020-12-16,15.859444229589181
2020-12-17,15.70379188981157
2020-12-18,16.2956884233153
2020-12-21,16.2956884233153
2020-12-22,13.10507493941575
2020-12-23,16.983019273183288
2020-12-24,15.142310818814607
2020-12-28,17.361870153737936
2020-12-29,17.936128106313575
2020-12-30,18.17778313979892
2020-12-31,17.27084581923679
2021-01-01,16.141977214627666
2021-01-04,17.5907953205515
2021-01-05,15.744966264557592
2021-01-06,12.517744261335118
2021-01-07,9.925545996769447
2021-01-08,14.231033771445635
2021-01-11,12.126299801567253
2021-01-12,10.216031728905905
2021-01-13,9.863350768196133
2021-01-14,11.980549573514221
2021-01-15,11.170300044155956
2021-01-18,11.215047239637066
2021-01-19,11.820897425530475
2021-01-20,10.92599144816071
2021-01-21,8.788345941123055
2021-01-22,8.785240476635558
2021-01-25,7.9403961860673
2021-01-27,7.300379486150521
2021-01-28,6.184073269855417
2021-01-29,6.280862184467351
2021-02-01,6.423838180347841
2021-02-02,5.882185245874294
2021-02-03,5.882185245874294
2021-02-04,5.882185245874294
2021-02-05,3.9970607588093676
2021-02-08,2.537021234075554
2021-02-09,1.0768522642699674
2021-02-10,1.0079567031220815
2021-02-11,0.2765106343991963
2021-02-12,0.6368127593320061
2021-02-15,0.3586038999240815
2021-02-16,-1.0479758670029704
2021-02-17,-1.665050093973719
2021-02-18,-0.5378473680788809
2021-02-19,1.0188359345183473
2021-02-22,-0.5967195509862133
2021-02-23,0.0
2021-02-24,0.0
2021-02-25,0.0
2021-02-26,0.0
2021-03-01,0.0
2021-03-02,0.0
2021-03-03,0.0
2021-03-04,0.0
2021-03-05,0.0
2021-03-08,0.0
2021-03-09,0.0
2021-03-10,0.0
2021-03-12,0.0
2021-03-15,0.0
2021-03-16,2.5730572793568607
2021-03-17,0.8801112004184652
2021-03-18,0.8801112004184652
2021-03-19,0.8801112004184652
2021-03-22,0.8801112004184652
2021-03-23,0.8801112004184652
2021-03-24,0.8801112004184652
2021-03-25,0.8801112004184652
2021-03-26,0.8801112004184652
2021-03-30,0.8801112004184652
2021-03-31,0.8801112004184652
2021-04-01,0.8801112004184652
2021-04-05,0.8801112004184652
2021-04-06,0.8801112004184652
2021-04-07,3.762289479393144
2021-04-08,4.25525588438791
2021-04-09,4.4627884158636055
2021-04-12,1.9983761455097726
2021-04-13,2.0816095860185735
2021-04-15,4.735937292557457
2021-04-16,6.648097580041168
2021-04-19,3.7194912053086115
2021-04-20,3.7194912053086115
2021-04-22,3.7194912053086115
2021-04-23,3.7194912053086115
2021-04-26,3.7194912053086115
2021-04-27,3.7194912053086115
2021-04-28,3.7194912053086115
2021-04-29,3.7194912053086115
2021-04-30,3.7194912053086115
2021-05-03,1.117675495261361
2021-05-04,2.814608321802048
2021-05-05,2.814608321802048
2021-05-06,12.268626471214539
2021-05-07,11.76609452846289
2021-05-10,10.05392081159937
2021-05-11,11.767090943015358
2021-05-12,10.172008336403326
2021-05-14,9.09003884662878
2021-05-17,10.580037320976698
2021-05-18,11.214064122398204
2021-05-19,7.96486641915739
2021-05-20,8.016215746353804
2021-05-21,9.693450968652728
2021-05-24,5.989516352121349
2021-05-25,6.1171551473584
2021-05-26,7.871931687214673
2021-05-27,11.818077993868425
2021-05-28,13.219016215487954
2021-05-31,10.3500876426472
2021-06-01,8.959698173652008
2021-06-02,11.400800081535412
2021-06-03,13.44405361665444
2021-06-04,14.123008551545313
2021-06-07,14.53770123408875
2021-06-08,15.571246879968514
2021-06-09,15.597570951933593
2021-06-10,16.86348022269286
2021-06-11,17.92491951754083
2021-06-14,16.01598067982726
2021-06-15,16.64973993347885
2021-06-16,17.254516052259007
2021-06-17,17.45221550096565
2021-06-18,7.289091103642886
2021-06-21,8.6367804703114
2021-06-22,9.44868575951292
2021-06-23,6.565767708824821
2021-06-24,10.027524141287515
2021-06-25,11.365065900700632
2021-06-28,10.134546884242157
2021-06-29,7.835146761327594
2021-06-30,12.393282320388321
2021-07-01,13.167819986350882
2021-07-02,11.451133928165769
2021-07-05,12.319431494451871
2021-07-06,12.091241481442605
2021-07-07,10.931999935933657
2021-07-08,11.519465032552233
2021-07-09,8.328947598930148
2021-07-12,9.097451643152388
2021-07-13,8.145211872529723
2021-07-14,11.491297575988856
2021-07-15,10.205436974329828
2021-07-16,9.033117408519932
2021-07-19,7.769938273225763
2021-07-20,6.144534605676699
2021-07-22,7.686434636423778
2021-07-23,7.299678827702527
2021-07-26,7.208513968610797
2021-07-27,7.705022769632852
2021-07-28,7.119860257620947
2021-07-29,11.021317165211375
2021-07-30,10.339118272390802
2021-08-02,12.099739864479586
2021-08-03,10.185902774457656
2021-08-04,9.52279026236127
2021-08-05,11.975474063856307
2021-08-06,10.4358236797373
2021-08-09,10.57103447744796
2021-08-10,11.436722462861916
2021-08-11,10.75513626391067
2021-08-12,11.503330320631488
2021-08-13,10.289782925735057
2021-08-16,9.798338495036196
2021-08-17,11.005043576365225
2021-08-18,9.739760468914671
2021-08-20,9.993396768413065
2021-08-23,8.112891599243643
2021-08-24,8.680328985718976
2021-08-25,8.103799261791655
2021-08-26,8.14842504314588
2021-08-27,7.149057370021228
2021-08-30,7.605501262940484
2021-08-31,8.822488717021892
2021-09-01,9.045030891724526
2021-09-02,10.589490385635303
2021-09-03,10.356268191812102
2021-09-06,9.419819480263158
2021-09-07,7.188107820851908
2021-09-08,9.546268520318279
2021-09-09,9.396140801706965
2021-09-13,6.294223475602889
2021-09-14,8.788583918534677
2021-09-15,8.213088723739359
2021-09-16,11.217730024050043
2021-09-17,15.566368906354855
2021-09-20,14.589028687892558
2021-09-21,16.36051769128335
2021-09-22,15.531269407929527
2021-09-23,16.41004312665455
2021-09-24,19.022986515276518
2021-09-27,14.575635771487661
2021-09-28,14.988850083768956
2021-09-29,15.48935650549701
2021-09-30,14.053445273347421
2021-10-01,14.918309522838369
2021-10-04,13.740451123484409
2021-10-05,13.72999809082016
2021-10-06,14.933364077014888
2021-10-07,14.731983980392172
2021-10-08,15.069963093516158
2021-10-11,13.300143737983628
2021-10-12,12.08019121105024
2021-10-13,11.351943175222324
2021-10-14,12.020142019079238
2021-10-18,11.144199612266025
2021-10-19,12.919247381801991
2021-10-20,12.109930703311878
2021-10-21,13.496481893584033
2021-10-22,12.55945068800408
2021-10-25,12.713919514930637
2021-10-26,11.349355703699704
2021-10-27,9.284678752600971
2021-10-28,8.415100774096906
2021-10-29,6.463595316070991
2021-11-01,3.904920271275625
2021-11-02,3.6550673694763613
2021-11-03,1.6950759996175124
2021-11-04,2.0735357550283773
2021-11-08,0.2695508399866986
2021-11-09,0.20130715672579402
2021-11-10,2.1845485544092824
2021-11-11,2.1845485544092824
2021-11-12,2.1845485544092824
2021-11-15,2.1845485544092824
2021-11-16,3.9292463867058425
2021-11-17,4.2550441297648955
2021-11-18,1.1419089749998168
2021-11-22,1.1419089749998168
2021-11-23,1.1419089749998168
2021-11-24,1.1419089749998168
2021-11-25,1.1419089749998168
2021-11-26,1.1419089749998168
2021-11-29,1.1419089749998168
2021-11-30,1.1419089749998168
2021-12-01,1.1419089749998168
2021-12-02,-1.6884474926664894
2021-12-03,-0.8570296870976102
2021-12-06,-0.8448278346644078
2021-12-07,-1.0203495481063807
2021-12-08,-1.0203495481063807
2021-12-09,-1.0203495481063807
2021-12-10,-1.0203495481063807
2021-12-13,-1.0203495481063807
2021-12-14,-1.0203495481063807
2021-12-15,-1.0203495481063807
2021-12-16,-1.0203495481063807
2021-12-17,-1.0203495481063807
2021-12-20,-1.0203495481063807
2021-12-21,-1.0203495481063807
2021-12-22,-1.0203495481063807
2021-12-23,-1.0203495481063807
2021-12-24,-1.0203495481063807
2021-12-27,-1.0203495481063807
2021-12-28,-1.0203495481063807
2021-12-29,-2.681956724033907
2021-12-30,-2.986076290841333
2021-12-31,0.0
2022-01-03,0.0
2022-01-04,0.0
2022-01-05,0.0
2022-01-06,0.0
2022-01-07,0.0
2022-01-10,0.0
2022-01-11,0.0
2022-01-12,0.6949400285753082
2022-01-13,-0.6201344980303003
2022-01-14,-0.6450503363844895
2022-01-17,-1.193050849442645
2022-01-18,-1.193050849442645
2022-01-19,-1.193050849442645
2022-01-20,-1.193050849442645
2022-01-21,-1.193050849442645
2022-01-24,-1.193050849442645
2022-01-25,-1.193050849442645
2022-01-27,-1.193050849442645
2022-01-28,-1.193050849442645
2022-01-31,-1.193050849442645
2022-02-01,-1.193050849442645
2022-02-02,-1.193050849442645
2022-02-03,-1.193050849442645
2022-02-04,-1.193050849442645
2022-02-07,-1.193050849442645
2022-02-08,-1.193050849442645
2022-02-09,-1.193050849442645
2022-02-10,-1.193050849442645
2022-02-11,-1.193050849442645
2022-02-14,-1.193050849442645
2022-02-15,-1.193050849442645
2022-02-16,-1.193050849442645
2022-02-17,-1.193050849442645
2022-02-18,-1.193050849442645
2022-02-21,-1.193050849442645
2022-02-22,-1.193050849442645
2022-02-23,-1.193050849442645
2022-02-24,-1.874961023346533
2022-02-25,-0.5764913732963284
2022-02-28,-0.5515583419985703
2022-03-02,0.0
2022-03-03,0.0
2022-03-04,0.0
2022-03-07,0.0
2022-03-08,0.0
2022-03-09,0.0
2022-03-10,0.0
2022-03-11,0.0
2022-03-14,0.0
2022-03-15,0.0
2022-03-16,0.0
2022-03-17,0.0
2022-03-21,0.0
2022-03-22,0.0
2022-03-23,0.0
2022-03-24,0.0
2022-03-25,0.0
2022-03-28,0.0
2022-03-29,0.0
2022-03-30,0.0
2022-03-31,0.0
2022-04-01,0.0
2022-04-04,0.0
2022-04-05,0.0
2022-04-06,0.0
2022-04-07,0.0
2022-04-08,0.0
2022-04-11,0.0
2022-04-12,0.0
2022-04-13,0.0
2022-04-18,0.0
2022-04-19,0.0
2022-04-20,0.0
2022-04-21,0.0
2022-04-22,0.0
2022-04-25,0.0
2022-04-26,0.0
2022-04-27,0.0
2022-04-28,0.0
2022-04-29,0.0
2022-05-02,0.0
2022-05-04,0.0
2022-05-05,0.0
2022-05-06,0.0
2022-05-09,0.0
2022-05-10,0.0
2022-05-11,0.0
2022-05-12,0.0
2022-05-13,0.0
2022-05-16,0.0
2022-05-17,0.0
2022-05-18,0.0
2022-05-19,0.0
2022-05-20,0.0
2022-05-23,0.0
2022-05-24,0.0
2022-05-25,0.0
2022-05-26,0.0
2022-05-27,0.0
2022-05-30,0.0
2022-05-31,0.0
2022-06-01,0.0
2022-06-02,0.0
2022-06-03,0.0
2022-06-06,0.0
2022-06-07,0.0
2022-06-08,0.0
2022-06-09,0.0
2022-06-10,0.0
2022-06-13,0.0
2022-06-14,0.0
2022-06-15,0.0
2022-06-16,0.0
2022-06-17,0.0
2022-06-20,0.0
2022-06-21,0.0
2022-06-22,0.0
2022-06-23,0.0
2022-06-24,0.0
2022-06-27,0.0
2022-06-28,0.0
2022-06-29,0.0
2022-06-30,0.0
2022-07-01,0.0
2022-07-04,0.0
2022-07-05,0.0
2022-07-06,0.0
2022-07-07,0.0
2022-07-08,0.0
2022-07-11,0.0
2022-07-12,0.0
2022-07-13,0.0
2022-07-14,0.0
2022-07-15,0.0
2022-07-18,0.0
2022-07-19,0.0
2022-07-20,0.0
2022-07-21,0.0
2022-07-22,0.0
2022-07-25,0.0
2022-07-26,0.0
2022-07-27,0.0
2022-07-28,0.0
2022-07-29,0.0
2022-08-01,0.0
2022-08-02,0.0
2022-08-03,0.0
2022-08-04,0.0
2022-08-05,0.0
2022-08-08,0.0
2022-08-10,0.0
2022-08-11,0.0
2022-08-12,0.0
2022-08-16,0.0
2022-08-17,0.0
2022-08-18,0.0
2022-08-19,0.0
2022-08-22,0.0
2022-08-23,0.0
2022-08-24,0.0
2022-08-25,0.0
2022-08-26,0.0
2022-08-29,0.0
2022-08-30,0.0
2022-09-01,0.0
2022-09-02,0.0
2022-09-05,0.0
2022-09-06,0.0
2022-09-07,0.0
2022-09-08,0.0
2022-09-09,0.0
2022-09-12,0.0
2022-09-13,0.0
2022-09-14,0.0
2022-09-15,0.0
2022-09-16,0.0
2022-09-19,0.0
2022-09-20,0.0
2022-09-21,0.0
2022-09-22,0.0
2022-09-23,0.0
2022-09-26,0.0
2022-09-27,0.0
2022-09-28,0.0
2022-09-29,0.0
2022-09-30,0.0
2022-10-03,0.0
2022-10-04,0.0
2022-10-06,0.0
2022-10-07,0.0
2022-10-10,0.0
2022-10-11,0.0
2022-10-12,0.0
2022-10-13,0.0
2022-10-14,0.0
2022-10-17,0.0
2022-10-18,0.0
2022-10-19,0.0
2022-10-20,0.0
2022-10-21,0.0
2022-10-24,0.0
2022-10-25,0.0
2022-10-27,0.0
2022-10-28,0.0
2022-10-31,0.0
2022-11-01,0.0
2022-11-02,0.0
2022-11-03,0.0
2022-11-04,0.0
2022-11-07,0.0
2022-11-09,0.0
2022-11-10,0.0
2022-11-11,0.0
2022-11-14,0.0
2022-11-15,0.0
2022-11-16,0.0
2022-11-17,0.0
2022-11-18,0.0
2022-11-21,0.0
2022-11-22,0.0
2022-11-23,0.0
2022-11-24,0.0
2022-11-25,0.0
2022-11-28,0.0
2022-11-29,0.8170369721483661
2022-11-30,2.3896160886664575
2022-12-01,3.312934472192808
2022-12-02,4.733328016246663
2022-12-05,4.3760521241082095
2022-12-06,2.89674140503704
2022-12-07,2.89674140503704
2022-12-08,2.89674140503704
2022-12-09,2.89674140503704
2022-12-12,2.89674140503704
2022-12-13,2.89674140503704
2022-12-14,2.89674140503704
2022-12-15,2.89674140503704
2022-12-16,2.89674140503704
2022-12-19,2.89674140503704
2022-12-20,2.89674140503704
2022-12-21,2.89674140503704
2022-12-22,2.89674140503704
2022-12-23,2.89674140503704
2022-12-26,2.89674140503704
2022-12-27,2.89674140503704
2022-12-28,2.89674140503704
2022-12-29,2.89674140503704
2022-12-30,2.89674140503704
2023-01-02,2.89674140503704
2023-01-03,2.89674140503704
2023-01-04,2.89674140503704
2023-01-05,2.89674140503704
2023-01-06,2.89674140503704
2023-01-09,2.89674140503704
2023-01-10,2.0628501842036906
2023-01-11,0.49528979181974186
2023-01-12,-0.40284700970117937
2023-01-13,-1.753583740721698
2023-01-16,-1.4172893963379618
2023-01-17,0.0
2023-01-18,0.0
2023-01-19,0.0
2023-01-20,0.0
2023-01-23,0.0
2023-01-24,0.0
2023-01-25,0.0
2023-01-27,0.0
2023-01-30,0.0
2023-01-31,0.0
2023-02-01,0.0
2023-02-02,0.0
2023-02-03,0.0
2023-02-06,0.0
2023-02-07,0.0
2023-02-08,0.0
2023-02-09,0.0
2023-02-10,0.0
2023-02-13,0.0
2023-02-14,0.0
2023-02-15,0.0
2023-02-16,0.0
2023-02-17,0.0
2023-02-20,0.0
2023-02-21,0.0
2023-02-22,0.0
2023-02-23,0.0
2023-02-24,0.0
2023-02-27,0.0
2023-02-28,0.0
2023-03-01,0.0
2023-03-02,0.0
2023-03-03,0.0
2023-03-06,0.0
2023-03-08,0.0
2023-03-09,0.0
2023-03-10,0.0
2023-03-13,0.0
2023-03-14,0.0
2023-03-15,0.0
2023-03-16,0.0
2023-03-17,0.0
2023-03-20,0.0
2023-03-21,0.0
2023-03-22,0.0
2023-03-23,0.0
2023-03-24,0.0
2023-03-27,0.0
2023-03-28,0.0
2023-03-29,0.0
2023-03-31,0.0
2023-04-03,0.0
2023-04-05,0.0
2023-04-06,0.0
2023-04-10,0.0
2023-04-11,0.0
2023-04-12,0.0
2023-04-13,0.24112656543542332
2023-04-17,1.803273277876305
2023-04-18,1.1881273553164151
2023-04-19,-0.48866315856739284
2023-04-20,-0.48866315856739284
2023-04-21,-0.48866315856739284
2023-04-24,-0.48866315856739284
2023-04-25,-0.48866315856739284
2023-04-26,-0.48866315856739284
2023-04-27,-0.48866315856739284
2023-04-28,1.9149596683439185
2023-05-02,0.814833038882834
2023-05-03,0.688786591104007
2023-05-04,1.1928994768823031
2023-05-05,0.8578127622809628
2023-05-08,1.6296015079388937
2023-05-09,1.6201987793554196
2023-05-10,1.9740489469788347
2023-05-11,1.947108765148653
2023-05-12,1.8110014497995097
2023-05-15,2.701734003865197
2023-05-16,2.9299823120022994
2023-05-17,2.2074789930405014
2023-05-18,2.6007909687696396
2023-05-19,3.858231920548705
2023-05-22,3.8090674879891484
2023-05-23,2.519716920550552
2023-05-24,2.2012955601574236
2023-05-25,3.2281359565879297
2023-05-26,5.586138303691812
2023-05-29,5.082848069715551
2023-05-30,3.8057703524861264
2023-05-31,7.324179032008127
2023-06-01,6.933493246874001
2023-06-02,7.5102657695020225
2023-06-05,7.145586781570046
2023-06-06,7.145586781570046
2023-06-07,7.145586781570046
2023-06-08,7.145586781570046
2023-06-09,7.145586781570046
2023-06-12,4.618601743955542
2023-06-13,5.760236424549814
2023-06-14,5.892631526019265
2023-06-15,5.365105974946038
2023-06-16,5.71516757382271
2023-06-19,4.912352494670347
2023-06-20,4.922059840133253
2023-06-21,4.557980068414769
2023-06-22,4.585610189846956
2023-06-23,4.725426775720631
2023-06-26,3.8171427260662583
2023-06-27,3.5869271304682204
2023-06-28,4.319181750092627
2023-06-30,3.9192824599100895
2023-07-03,2.6611023520054067
2023-07-04,2.709723103209627
2023-07-05,4.001463304435626
2023-07-06,4.89285314619754
2023-07-07,2.6041095827286975
2023-07-10,0.45055316200590667
2023-07-11,1.2015437794758554
2023-07-12,1.0860967948861822
2023-07-13,-0.735364131225813
2023-07-14,3.1010265725490926
2023-07-17,3.654171332361855
2023-07-18,3.9177760188686683
2023-07-19,3.4099251625369975
2023-07-20,4.174874006877305
2023-07-21,4.471671214456641
2023-07-24,4.471671214456641
2023-07-25,4.471671214456641
2023-07-26,4.471671214456641
2023-07-27,4.471671214456641
2023-07-28,4.471671214456641
2023-07-31,4.471671214456641
2023-08-01,4.471671214456641
2023-08-02,4.471671214456641
2023-08-03,4.471671214456641
2023-08-04,4.471671214456641
2023-08-07,4.471671214456641
2023-08-08,4.471671214456641
2023-08-09,4.471671214456641
2023-08-10,4.471671214456641
2023-08-11,5.42704093101416
2023-08-14,5.596570619068153
2023-08-16,5.596570619068153
2023-08-17,5.596570619068153
2023-08-18,5.025404423106883
2023-08-21,6.300136306621784
2023-08-22,6.154259065170331
2023-08-23,5.616495043594294
2023-08-24,10.546454381054193
2023-08-25,8.113638525361843
2023-08-28,5.72288744239795
2023-08-29,4.925778739533171
2023-08-30,5.5043716151427
2023-08-31,7.223057921185094
2023-09-01,6.6677836277527325
2023-09-04,6.459402222360788
2023-09-05,7.91467689221379
2023-09-06,8.027403199363015
2023-09-07,8.451536540974104
2023-09-08,8.001342624820552
2023-09-11,8.104483656231686
2023-09-12,7.652407177202369
2023-09-13,7.830274642509183
2023-09-14,7.933521180573622
2023-09-15,9.311537450931207
2023-09-18,8.123187121780306
2023-09-20,6.6183819146010014
2023-09-21,6.6183819146010014
2023-09-22,6.6183819146010014
2023-09-25,6.6183819146010014
2023-09-26,5.652216380502173
2023-09-27,5.482597356132413
2023-09-28,5.482597356132413
2023-09-29,5.482597356132413
2023-10-03,5.482597356132413
2023-10-04,5.482597356132413
2023-10-05,5.482597356132413
2023-10-06,5.482597356132413
2023-10-09,0.5675787696182821
2023-10-10,1.9002633365036603
2023-10-11,2.390380556771876
2023-10-12,2.067151895125252
2023-10-13,1.5945311537698181
2023-10-16,0.45700282022740346
2023-10-17,0.23845730170346524
2023-10-18,0.1493336322781147
2023-10-19,-1.2012221274660728
2023-10-20,-1.3043183886977894
2023-10-23,-1.69029843637164
2023-10-25,-1.2805032572823838
2023-10-26,-1.374690199119244
2023-10-27,-0.9605221933396302
2023-10-30,-1.1238891229072512
2023-10-31,-1.2184715661896828
2023-11-01,-2.4637431685004985
2023-11-02,-1.3917506940342217
2023-11-03,0.0
2023-11-06,0.0
2023-11-07,0.0
2023-11-08,0.0
2023-11-09,0.0
2023-11-10,0.0
2023-11-13,0.0
2023-11-15,0.0
2023-11-16,3.4432744224082157
2023-11-17,2.9653498156125613
2023-11-20,3.4428525841898816
2023-11-21,2.5925108385886686
2023-11-22,2.0495184319736515
2023-11-23,1.729877936997104
2023-11-24,1.857363338695217
2023-11-28,1.3326507244089791
2023-11-29,3.4714305709803384
2023-11-30,4.05817150786425
2023-12-01,4.9012882693979964
2023-12-04,5.073779207086893
2023-12-05,5.473095675060069
2023-12-06,6.171932907596078
2023-12-07,6.320530649172329
2023-12-08,7.42601762201891
2023-12-11,8.348937860173011
2023-12-12,7.6953666560377165
2023-12-13,7.509080363856491
2023-12-14,11.330869901222918
2023-12-15,13.79336454451201
2023-12-18,13.692189392954802
2023-12-19,12.199840074121738
2023-12-20,12.199840074121738
2023-12-21,12.199840074121738
2023-12-22,12.199840074121738
2023-12-26,13.80797820073214
2023-12-27,14.06730537194536
2023-12-28,14.39203853755422
2023-12-29,14.016297383320753
2024-01-01,9.532488263851203
2024-01-02,10.040894941229507
2024-01-03,9.532934935501714
2024-01-04,10.440802637856915
2024-01-05,11.028443992115733
2024-01-08,11.377301058631573
2024-01-09,11.237900435052705
2024-01-10,11.813903619887277
2024-01-11,9.502682809379248
2024-01-12,8.885242527930304
2024-01-15,8.722616845020358
2024-01-16,8.301644206990556
2024-01-17,6.141293296383732
2024-01-18,5.442657737684842
2024-01-19,5.295286945703759
2024-01-23,4.21172664441638
2024-01-24,3.3240473235795154
2024-01-25,3.951090288585468
2024-01-29,4.131211475675145
2024-01-30,0.5565733282851149
2024-01-31,-1.619476427863431
2024-02-01,-1.5319271913166288
2024-02-02,-0.2222215688686302
2024-02-05,-0.2222215688686302
2024-02-06,-0.2222215688686302
2024-02-07,-0.2222215688686302
2024-02-08,-1.6321091024172785
2024-02-09,-1.8557443220053926
2024-02-12,-2.1343537011203395
2024-02-13,-1.811837080741785
2024-02-14,-1.1945603666389637
2024-02-15,-1.1945603666389637
2024-02-16,-1.1945603666389637
2024-02-19,-1.1945603666389637
2024-02-20,-1.1945603666389637
2024-02-21,-1.1945603666389637
2024-02-22,-1.1945603666389637
2024-02-23,-1.1945603666389637
2024-02-26,-1.1945603666389637
2024-02-27,-1.1945603666389637
2024-02-28,-1.8420794552077013
2024-02-29,-1.6222999522532922
2024-03-01,0.0
2024-03-04,0.0
2024-03-05,0.0
2024-03-06,0.0
2024-03-07,0.0
2024-03-11,0.0
2024-03-12,0.0
2024-03-13,0.0
2024-03-14,0.0
2024-03-15,0.0
2024-03-18,0.0
2024-03-19,0.0
2024-03-20,0.0
2024-03-21,0.0
2024-03-22,0.0
2024-03-26,0.0
2024-03-27,0.0
2024-03-28,0.0
2024-04-01,0.0
2024-04-02,0.0
2024-04-03,0.0
2024-04-04,0.0
2024-04-05,0.0
2024-04-08,0.0
2024-04-09,0.0
2024-04-10,0.0
2024-04-12,0.0
2024-04-15,0.0
2024-04-16,0.0
2024-04-18,0.0
2024-04-19,0.0
2024-04-22,0.0
2024-04-23,0.0
2024-04-24,0.0
2024-04-25,0.0
2024-04-26,0.0
2024-04-29,0.0
2024-04-30,0.0
2024-05-02,0.0
2024-05-03,0.0
2024-05-06,0.0
2024-05-07,0.0
2024-05-08,0.0
2024-05-09,0.0
2024-05-10,0.0
2024-05-13,0.0
2024-05-14,0.0
2024-05-15,0.0
2024-05-16,0.0
2024-05-17,0.0
2024-05-21,0.0
2024-05-22,0.0
2024-05-23,0.0
2024-05-24,0.0
2024-05-27,0.0
2024-05-28,0.0
2024-05-29,0.0
2024-05-30,0.0
2024-05-31,0.0
2024-06-03,0.0
2024-06-04,0.0
2024-06-05,0.0
2024-06-06,0.0
2024-06-07,0.0
2024-06-10,0.0
2024-06-11,0.0
2024-06-12,0.0
2024-06-13,0.0
2024-06-14,0.0
2024-06-18,0.0
2024-06-19,0.0
2024-06-20,0.0
2024-06-21,0.0
2024-06-24,0.0
2024-06-25,0.0
2024-06-26,0.0
2024-06-27,0.0
2024-06-28,0.0
2024-07-01,0.0
2024-07-02,0.0
2024-07-03,0.0
2024-07-04,0.0
2024-07-05,0.0
2024-07-08,0.0
2024-07-09,0.0
2024-07-10,0.0
2024-07-11,0.0
2024-07-12,3.4062251566586266
2024-07-15,3.174830724376698
2024-07-16,1.9379396008846195
2024-07-18,3.4139216045697474
2024-07-19,3.2052521817272472
2024-07-22,2.1881087595393867
2024-07-23,3.385438827163778
2024-07-24,4.016621956457711
2024-07-25,4.777046112717187
2024-07-26,6.101484510899913
2024-07-29,5.2650184037627
2024-07-30,5.032417513966192
2024-07-31,5.6110096193899395
2024-08-01,5.003534944351817
2024-08-02,5.003534944351817
2024-08-05,5.003534944351817
2024-08-06,5.003534944351817
2024-08-07,5.003534944351817
2024-08-08,5.003534944351817
2024-08-09,5.003534944351817
2024-08-12,5.003534944351817
2024-08-13,5.003534944351817
2024-08-14,5.003534944351817
2024-08-16,5.003534944351817
2024-08-19,5.003534944351817
2024-08-20,5.003534944351817
2024-08-21,5.003534944351817
2024-08-22,5.003534944351817
2024-08-23,5.003534944351817
2024-08-26,5.003534944351817
2024-08-27,1.5446940310153368
2024-08-28,1.7724324887533394
2024-08-29,3.007315387646492
2024-08-30,1.5371366979586742
2024-09-02,1.7424333787374513
2024-09-03,2.7551407096078506
2024-09-04,1.5651102665367844
2024-09-05,2.538401092213527
2024-09-06,1.9694280381854945
2024-09-09,0.42094361013120807
2024-09-10,3.725760172693704
2024-09-11,4.5532372354246675
2024-09-12,5.119914205682585
2024-09-13,6.577805685777904
2024-09-16,6.712590314424194
2024-09-17,7.230435834864912
2024-09-18,5.972982189328446
2024-09-19,7.325449845743681
2024-09-20,8.489403957145303
2024-09-23,8.880563279733034
2024-09-24,9.208878371745133
2024-09-25,8.019570026426571
2024-09-26,8.788302842295614
2024-09-27,8.418244190050928
2024-09-30,9.651853282652766
2024-10-01,11.337825447054817
2024-10-03,11.337825447054817
2024-10-04,11.337825447054817
2024-10-07,11.337825447054817
2024-10-08,11.337825447054817
2024-10-09,11.337825447054817
2024-10-10,12.942329027632283
2024-10-11,14.05027719360572
2024-10-14,15.308530922254793
2024-10-15,15.131450191362173
2024-10-16,15.131450191362173
2024-10-17,15.131450191362173
2024-10-18,13.346628952586626
2024-10-21,13.151876593112878
2024-10-22,13.462444658634087
2024-10-23,10.7202857237497
2024-10-24,10.087256559959258
2024-10-25,8.893937741295055
2024-10-28,8.025727730596044
2024-10-29,7.889284527844498
2024-10-30,7.368257244300325
2024-10-31,8.64226693712502
2024-11-01,7.273205336514188
2024-11-04,6.1222994983367585
2024-11-05,5.741049387822805
2024-11-06,5.423159644087439
2024-11-07,6.583881201522734
2024-11-08,5.830725531458891
2024-11-11,6.892212172223822
2024-11-12,5.689649690000431
2024-11-13,4.089207012704921
2024-11-14,4.089207012704921
2024-11-18,4.089207012704921
2024-11-19,4.089207012704921
2024-11-21,4.089207012704921
2024-11-22,4.089207012704921
2024-11-25,5.214209081834409
2024-11-26,4.0140390823992345
2024-11-27,3.203901344019777
2024-11-28,2.5964412422230465
2024-11-29,2.9197473267729146
2024-12-02,2.7375632530215244
2024-12-03,2.6634726394276553
2024-12-04,3.166969311068968
2024-12-05,3.9904082910584338
2024-12-06,4.5363841395704485
2024-12-09,4.910640984691161
2024-12-10,5.687832093812539
2024-12-11,5.615392647263651
2024-12-12,6.022890824245053
2024-12-13,7.734492815756089
2024-12-16,7.605737379191813
2024-12-17,7.682712070313258
2024-12-18,7.952140825241938
2024-12-19,8.467909125584372
2024-12-20,6.287167288585138
2024-12-23,6.54562842567219
2024-12-24,6.586924035914876
2024-12-26,6.563258317910958
2024-12-27,6.542512288803026
2024-12-30,8.029094698469642
2024-12-31,8.583570602960243
2025-01-01,8.461726669025293
2025-01-02,10.323571362684337
2025-01-03,10.21501349148599
2025-01-06,10.21501349148599
2025-01-07,7.487523966518483
2025-01-08,7.671530522043968
2025-01-09,7.332597315474554
2025-01-10,8.134162542584056
2025-01-13,7.794476198556022
2025-01-14,7.98562767402351
2025-01-15,8.063559203203209
2025-01-16,7.536165186030219
2025-01-17,6.684649439261325
2025-01-20,6.12745356454043
2025-01-21,5.748855878176484
2025-01-22,4.971216021628733
2025-01-23,5.0432136405512695
2025-01-24,4.639480845397137
2025-01-27,2.9770500015265933
2025-01-28,3.1002669911776692
2025-01-29,3.0265679632315523
2025-01-30,2.769432535265892
2025-01-31,2.280760669336379
2025-02-01,4.379301251438084
2025-02-03,4.126095246757933
2025-02-04,4.085753050148977
2025-02-05,3.42684263902735
2025-02-06,3.446981982861419
2025-02-07,2.0234537733724967
2025-02-10,1.5024767370113157
2025-02-11,1.6165027759616146
2025-02-12,-0.09839952591951251
2025-02-13,0.0
2025-02-14,0.0
2025-02-17,0.0
2025-02-18,0.0
2025-02-19,0.0
2025-02-20,0.0
2025-02-21,0.0
2025-02-24,0.0
2025-02-25,0.0
2025-02-27,0.0
2025-02-28,0.0
2025-03-03,0.0
2025-03-04,0.0
2025-03-05,0.0
2025-03-06,0.0
2025-03-07,0.0
2025-03-10,0.0
2025-03-11,0.0
2025-03-12,0.0
2025-03-13,0.0
2025-03-17,0.0
2025-03-18,0.0
2025-03-19,0.0
2025-03-20,0.0
2025-03-21,0.0
2025-03-24,2.48329231364679
2025-03-25,3.582665905056759
2025-03-26,3.4326490378899566
2025-03-27,3.558827677430787
2025-03-28,4.604076782653466
2025-04-01,1.8765346145149353
2025-04-02,1.9570321268111313
2025-04-03,1.9570321268111313
2025-04-04,1.9570321268111313
2025-04-07,1.9570321268111313
2025-04-08,1.9570321268111313
2025-04-09,1.9570321268111313
2025-04-11,1.9570321268111313
2025-04-15,1.9570321268111313
2025-04-16,1.9570321268111313
2025-04-17,1.9570321268111313
