BANK,FMCG,TECH
0.0,0.0,0.0
0.0,0.0,0.0
0.0,0.0,0.0
0.0,0.0,0.0
0.0,0.0,0.0
0.0,0.0,0.0
0.0,0.0,0.0
0.0,0.0,0.0
0.0,0.0,0.0
0.0,0.0,0.0
0.0,0.0,0.0
0.0,0.0,0.0
0.0,0.0,0.0
0.0,0.0,0.0
0.0,0.0,0.0
0.0,0.0,0.0
0.0,0.0,0.0
0.0,0.0,0.0
0.0,0.0,0.0
0.0,0.0,0.0
0.0,0.0,0.0
0.0,0.0,0.0
0.0,0.0,0.0
0.0,0.0,0.0
0.0,0.0,0.0
0.0,0.0,0.0
0.0,0.0,0.0
0.0,0.0,0.0
0.0,0.0,0.0
0.0,0.0,0.0
0.0,0.5,0.5
0.0,0.5,0.5
0.0,0.5,0.5
0.0,0.5,0.5
0.0,0.5,0.5
0.0,0.5,0.5
0.0,0.0,0.0
0.0,0.5,0.5
0.0,0.5,0.5
0.0,0.5,0.5
0.0,0.5,0.5
0.0,0.5,0.5
0.0,0.5,0.5
0.0,0.5,0.5
0.5,0.5,0.0
0.5,0.0,0.5
0.5,0.0,0.5
0.0,0.0,0.0
0.0,0.0,0.0
0.0,0.5,0.5
0.5,0.0,0.5
0.0,0.5,0.5
0.0,0.0,0.0
0.5,0.0,0.5
0.5,0.0,0.5
0.5,0.0,0.5
0.0,0.0,0.0
0.5,0.0,0.5
0.0,0.0,0.0
0.5,0.0,0.5
0.5,0.0,0.5
0.5,0.0,0.5
0.5,0.5,0.0
0.5,0.0,0.5
0.5,0.0,0.5
0.5,0.0,0.5
0.5,0.0,0.5
0.5,0.0,0.5
0.5,0.0,0.5
0.5,0.0,0.5
0.5,0.0,0.5
0.5,0.0,0.5
0.5,0.0,0.5
0.5,0.0,0.5
0.5,0.0,0.5
0.5,0.5,0.0
0.5,0.5,0.0
0.5,0.0,0.5
0.5,0.0,0.5
0.5,0.0,0.5
0.5,0.0,0.5
0.5,0.0,0.5
0.5,0.0,0.5
0.5,0.0,0.5
0.5,0.0,0.5
0.5,0.0,0.5
0.5,0.5,0.0
0.5,0.0,0.5
0.5,0.0,0.5
0.5,0.0,0.5
0.5,0.0,0.5
0.5,0.0,0.5
0.5,0.0,0.5
0.5,0.0,0.5
0.5,0.0,0.5
0.5,0.0,0.5
0.5,0.0,0.5
0.5,0.0,0.5
0.5,0.0,0.5
0.5,0.0,0.5
0.5,0.0,0.5
0.5,0.0,0.5
0.5,0.5,0.0
0.5,0.0,0.5
0.5,0.0,0.5
0.5,0.0,0.5
0.5,0.0,0.5
0.5,0.0,0.5
0.5,0.0,0.5
0.5,0.0,0.5
0.5,0.0,0.5
0.5,0.5,0.0
0.5,0.5,-1.1102230246251565e-16
0.5,0.49999999999999994,2.7755575615628914e-17
0.5,0.0,0.5
0.5,0.0,0.5
0.5,0.0,0.5
0.5,0.0,0.5
0.5,0.0,0.5
0.5,0.5,0.0
0.5,0.0,0.5
0.5,0.5,0.0
0.5,0.5,0.0
0.5,0.0,0.5
0.5,0.0,0.5
0.5,0.5,0.0
0.5,0.5,0.0
0.5,0.0,0.5
0.5,0.0,0.5
0.5,0.5,0.0
0.5,0.5,0.0
0.5,0.5,0.0
0.5,0.5,0.0
0.5,0.0,0.5
-1.804112415015879e-16,0.4999999999999999,0.4999999999999999
0.5,0.0,0.5
0.5,0.0,0.5
0.5,0.0,0.5
0.5,0.0,0.5
0.5,0.0,0.5
0.5,0.0,0.5
0.5,0.5,0.0
0.5,0.0,0.5
0.5,0.5,0.0
-1.9428902930940235e-16,0.4999999999999999,0.4999999999999999
6.93889390390723e-17,0.5000000000000001,0.49999999999999983
0.5,0.5,0.0
0.5,0.0,0.5
0.5,0.5,0.0
0.5,0.5,0.0
0.5,0.0,0.5
0.5,0.0,0.5
0.5,0.5,0.0
0.5,0.0,0.5
0.5,0.0,0.5
0.5,0.0,0.5
0.5,0.0,0.5
0.5,0.0,0.5
0.5,0.5,0.0
0.5,0.0,0.5
0.5,0.0,0.5
0.5,0.0,0.5
0.5,0.0,0.5
0.5,0.5,0.0
0.5,0.0,0.5
0.5,0.0,0.5
0.5,0.0,0.5
0.5,0.0,0.5
0.5,0.0,0.5
0.5,0.0,0.5
0.4999999999999998,0.4999999999999998,-3.551846317062511e-16
0.5,0.0,0.5
0.5,0.0,0.5
0.5,0.5,0.0
0.5,0.0,0.5
0.49999999999999983,0.5000000000000001,-1.0408340855860846e-17
0.5000000000000001,0.2353221664260304,0.2646778335739696
0.5,0.0,0.5
0.5,0.0,0.5
0.5,0.0,0.5
0.5,0.0,0.5
0.5,0.0,0.5
0.5,0.0,0.5
0.5,0.0,0.5
0.5,0.0,0.5
0.5,0.0,0.5
0.5,0.0,0.5
0.5,0.0,0.5
0.5,0.0,0.5
0.5,0.0,0.5
0.5,0.0,0.5
0.5,0.0,0.5
0.5,0.0,0.5
0.5,0.0,0.5
0.5,0.0,0.5
0.5,0.0,0.5
0.5,0.0,0.5
0.5,0.0,0.5
0.5,0.0,0.5
0.5,0.0,0.5
0.5,0.0,0.5
0.5,0.0,0.5
0.5,0.0,0.5
0.5,0.0,0.5
0.5,0.0,0.5
0.5,0.0,0.5
0.5,0.0,0.5
0.5,0.0,0.5
0.5,0.0,0.5
0.5,0.0,0.5
0.5,0.0,0.5
0.5,0.0,0.5
0.29147721763670514,0.20852278236329483,0.5
0.5,0.0,0.5
0.5,0.0,0.5
0.5,0.0,0.5
0.5,0.0,0.5
0.5,0.0,0.5
0.5,0.0,0.5
0.5,0.0,0.5
0.5,0.0,0.5
0.5,0.5,0.0
0.4999999999999999,2.7755575615628914e-16,0.4999999999999998
0.5,0.0,0.5
0.5,0.0,0.5
0.5,0.0,0.5
0.5,0.0,0.5
0.5,0.0,0.5
0.5,0.0,0.5
0.5,0.0,0.5
0.5,0.0,0.5
0.5,0.0,0.5
0.5,0.0,0.5
0.5,0.0,0.5
0.5,0.0,0.5
0.5,0.0,0.5
0.5,0.0,0.5
0.5,0.0,0.5
0.5,0.0,0.5
0.5,0.0,0.5
0.5,0.0,0.5
0.5,0.0,0.5
0.5,0.0,0.5
0.5,0.0,0.5
0.5,0.0,0.5
0.5,0.0,0.5
0.5,0.0,0.5
0.5,0.0,0.5
0.5,0.0,0.5
0.5,0.0,0.5
0.5,0.0,0.5
0.5,0.0,0.5
0.5,0.0,0.5
0.5,0.0,0.5
2.0816681711721688e-17,0.5000000000000001,0.49999999999999994
-1.6653345369377348e-16,0.4999999999999998,0.5
0.22090966294163264,0.27909033705836733,0.5
0.5,0.5,0.0
0.5,0.0,0.5
6.938893903907231e-16,0.5000000000000002,0.49999999999999917
0.5,0.0,0.5
0.5,0.0,0.5
0.5,0.0,0.5
0.5,0.0,0.5
0.5,0.0,0.5
0.5,0.0,0.5
0.5,0.0,0.5
0.5,0.0,0.5
0.5,0.0,0.5
0.5,0.0,0.5
0.5,0.0,0.5
0.5,0.0,0.5
0.5,0.0,0.5
-4.3021142204224796e-16,0.4999999999999997,0.4999999999999998
0.5,0.0,0.5
0.5,0.0,0.5
0.5,0.0,0.5
0.5,0.0,0.5
0.5,0.0,0.5
0.5,0.0,0.5
0.5,0.0,0.5
0.5,0.0,0.5
0.5,0.0,0.5
0.5,0.0,0.5
0.5,0.0,0.5
0.5,0.0,0.5
0.5,0.0,0.5
0.5,0.5,0.0
0.5,0.0,0.5
0.5,0.0,0.5
0.5,0.0,0.5
0.5,0.0,0.5
0.5,0.0,0.5
0.5,0.0,0.5
0.5,0.0,0.5
0.5,0.0,0.5
0.5,0.0,0.5
0.5,0.5,0.0
0.5,0.0,0.5
0.5,0.5,0.0
0.5,0.0,0.5
0.5,0.0,0.5
0.5,0.0,0.5
0.5,0.0,0.5
0.5,0.0,0.5
0.5,0.0,0.5
0.5,0.0,0.5
0.5,0.0,0.5
0.5,0.5,0.0
0.5,0.5,0.0
0.5,0.0,0.5
0.5,0.0,0.5
0.5,0.5,0.0
0.5,0.0,0.5
0.5,0.0,0.5
0.5,0.0,0.5
0.5,0.0,0.5
0.5,0.0,0.5
0.5,0.0,0.5
0.5,0.5,0.0
0.5,0.0,0.5
0.5,0.0,0.5
0.5,0.0,0.5
0.5,0.0,0.5
0.5,0.0,0.5
0.5,0.0,0.5
0.5,0.5,0.0
0.5,0.0,0.5
0.5,0.0,0.5
0.5,0.0,0.5
0.5,0.0,0.5
0.5,0.0,0.5
0.5,0.0,0.5
0.5,0.0,0.5
0.5,0.0,0.5
0.5,0.0,0.5
0.5,0.0,0.5
0.5,0.0,0.5
0.5,0.0,0.5
0.5,0.0,0.5
0.5,0.0,0.5
0.5,0.0,0.5
0.5,0.0,0.5
0.5,0.0,0.5
0.5,0.0,0.5
0.5,0.0,0.5
0.5,0.0,0.5
0.5,0.0,0.5
0.5,0.0,0.5
0.5,0.5,0.0
0.5,0.0,0.5
0.5,0.0,0.5
0.20394353417860814,0.5000000000000001,0.29605646582139183
4.3021142204224816e-16,0.4999999999999997,0.4999999999999999
0.5,0.5,0.0
0.5,0.5,0.0
0.5,0.0,0.5
0.5,0.0,0.5
0.5,0.5,0.0
0.5,0.0,0.5
0.5,0.0,0.5
0.5,0.0,0.5
0.5,0.0,0.5
0.5,0.0,0.5
0.5,0.0,0.5
0.5,0.0,0.5
0.5,0.0,0.5
0.5,0.0,0.5
0.5,0.0,0.5
0.5,0.0,0.5
0.5,0.0,0.5
0.5,0.0,0.5
0.49999999999999944,0.49999999999999944,-1.0963452368173409e-15
0.5,0.0,0.5
0.5,0.5,0.0
0.5,0.0,0.5
0.5,0.5,0.0
0.5,0.0,0.5
0.5,0.5,0.0
0.5,0.5,0.0
0.5,0.0,0.5
0.5,0.0,0.5
0.5,0.0,0.5
0.5,0.0,0.5
0.5,0.0,0.5
0.3231085710707178,0.1768914289292823,0.49999999999999983
0.5,0.0,0.5
0.5,0.0,0.5
0.5,0.0,0.5
0.5,0.0,0.5
0.5,0.0,0.5
0.5,0.0,0.5
0.5,0.0,0.5
0.5,0.0,0.5
0.5,0.0,0.5
0.5,0.0,0.5
0.5,0.0,0.5
0.5,0.0,0.5
0.5,0.0,0.5
0.5,0.0,0.5
0.5,0.0,0.5
0.5,0.0,0.5
0.5,0.0,0.5
0.5,0.0,0.5
0.5,0.0,0.5
0.5,0.0,0.5
0.5,0.0,0.5
0.5,0.0,0.5
0.5,0.0,0.5
0.5,0.0,0.5
0.5,0.0,0.5
0.5,0.0,0.5
0.5,0.0,0.5
0.5,0.5,0.0
0.5,0.0,0.5
0.5,0.0,0.5
0.5,0.5,0.0
0.5,0.0,0.5
0.5,0.0,0.5
0.5,0.0,0.5
0.5000000000000001,0.4999999999999997,2.4980018054066027e-16
0.49999999999999994,0.5,4.163336342344337e-17
0.5,0.5,0.0
0.49999999999999956,0.4999999999999999,5.551115123125783e-16
0.5,0.2956272811507987,0.20437271884920133
0.5,0.5,0.0
0.5,0.0,0.5
0.5,0.0,0.5
0.5,0.0,0.5
0.5,0.0,0.5
0.5,0.0,0.5
0.5,0.0,0.5
0.5,0.0,0.5
0.5,0.0,0.5
0.5,0.0,0.5
0.5,0.0,0.5
0.5,0.0,0.5
0.5,0.0,0.5
0.5,0.0,0.5
0.5,0.0,0.5
0.5,0.0,0.5
0.5,0.0,0.5
0.5,0.0,0.5
0.5,0.0,0.5
0.5,0.0,0.5
0.5,0.0,0.5
0.5,0.0,0.5
0.5,0.0,0.5
0.5,0.0,0.5
0.5,0.0,0.5
0.5,0.0,0.5
0.5,0.0,0.5
0.5,0.0,0.5
0.5,0.0,0.5
0.5,0.0,0.5
0.5,0.0,0.5
0.5,0.0,0.5
0.5,0.0,0.5
0.5,0.0,0.5
0.5,0.0,0.5
0.5,0.0,0.5
0.5,0.0,0.5
0.5,0.0,0.5
0.5,0.0,0.5
0.5,0.0,0.5
0.5,0.5,0.0
0.5,0.0,0.5
0.5,0.0,0.5
0.5,0.0,0.5
0.5,0.0,0.5
0.5,0.0,0.5
0.5,0.5,0.0
0.5,0.5,0.0
0.5,0.0,0.5
0.5,0.0,0.5
0.5,0.0,0.5
0.5,0.0,0.5
0.5,0.5,0.0
0.5,0.5,0.0
0.5,0.0,0.5
0.5,0.0,0.5
0.5,0.0,0.5
0.5,0.0,0.5
0.5,0.0,0.5
0.5,0.0,0.5
0.5,0.0,0.5
0.5,0.0,0.5
0.5,0.0,0.5
0.5,0.5,0.0
0.5,0.0,0.5
0.5,0.0,0.5
0.5,0.0,0.5
0.5,0.0,0.5
0.5,0.5,0.0
0.5,0.0,0.5
0.5,0.0,0.5
0.5,0.5,0.0
0.5,0.0,0.5
0.5,0.0,0.5
0.5,0.0,0.5
0.5,0.0,0.5
0.5,0.0,0.5
0.5,0.0,0.5
0.5,0.0,0.5
0.5,0.0,0.5
0.5,0.0,0.5
0.5,0.0,0.5
0.5,0.0,0.5
0.5,0.0,0.5
0.5,0.0,0.5
0.5,0.0,0.5
0.5,0.0,0.5
0.5,0.0,0.5
0.5,0.0,0.5
0.5,0.0,0.5
0.5,0.0,0.5
0.5,0.0,0.5
0.5,0.0,0.5
0.5,0.0,0.5
0.5,0.0,0.5
0.5,0.0,0.5
0.5,0.0,0.5
0.5,0.0,0.5
0.49999999999999933,-1.4363510381087943e-15,0.49999999999999933
0.49999999999999994,1.387778780781446e-17,0.5000000000000001
0.49999999999999967,-6.661338147750935e-16,0.49999999999999967
0.5,2.7755575615628914e-17,0.5
0.5,0.0,0.5
0.5,0.0,0.5
0.5,0.5,0.0
0.5,0.0,0.5
0.5,0.0,0.5
0.5,0.0,0.5
0.5,0.0,0.5
0.5,0.5,0.0
0.5,0.0,0.5
0.5,0.5,0.0
0.3333333333333333,0.3333333333333333,0.3333333333333333
0.5,0.5,-1.1102230246251565e-16
0.49999999999999983,0.5,2.0122792321330962e-16
0.5,0.5,0.0
0.5,0.0,0.5
0.5,0.0,0.5
0.21210161148128914,0.5,0.28789838851871086
0.5,0.5,0.0
0.5,0.0,0.5
0.5,0.0,0.5
0.5,0.0,0.5
0.5,0.0,0.5
0.5,0.0,0.5
0.5,0.5,0.0
0.5,0.0,0.5
0.5,0.0,0.5
0.5,0.0,0.5
0.5,0.0,0.5
0.5,0.0,0.5
0.5,0.0,0.5
0.5,0.5,0.0
0.5,0.0,0.5
0.5,0.0,0.5
0.5,0.5,0.0
0.5,0.0,0.5
0.5,0.0,0.5
0.5,0.5,0.0
0.5,0.5,0.0
0.5,0.0,0.5
0.5,0.0,0.5
0.5,0.5,0.0
0.5,0.0,0.5
0.5,0.0,0.5
0.5,0.0,0.5
0.5,0.0,0.5
0.5,0.0,0.5
0.5,0.0,0.5
0.5,0.0,0.5
0.5,0.0,0.5
0.5,0.0,0.5
0.5,0.0,0.5
0.5,0.0,0.5
0.5,0.0,0.5
0.5,0.0,0.5
0.5,0.0,0.5
0.5,0.0,0.5
0.5,0.0,0.5
0.5,0.0,0.5
0.5,0.0,0.5
0.5,0.0,0.5
0.49999999999999983,1.0408340855860845e-16,0.5000000000000001
0.5,0.0,0.5
0.5,0.0,0.5
0.5,0.0,0.5
0.5,0.0,0.5
0.5,0.0,0.5
0.5,0.0,0.5
0.5,0.0,0.5
0.5,0.0,0.5
0.5,0.0,0.5
0.5,0.0,0.5
0.5,0.0,0.5
0.5,0.0,0.5
0.5,0.0,0.5
0.5,0.0,0.5
0.5,0.0,0.5
0.5,0.0,0.5
0.5,0.0,0.5
0.5,0.0,0.5
0.5,0.0,0.5
0.5,0.0,0.5
0.5,0.0,0.5
0.5,0.0,0.5
0.5,0.0,0.5
0.5,0.0,0.5
0.5,0.0,0.5
0.5,0.0,0.5
0.5,0.0,0.5
0.5,0.0,0.5
0.5,0.0,0.5
0.5,0.0,0.5
0.5,0.0,0.5
0.5,0.0,0.5
0.5,0.0,0.5
0.5,0.0,0.5
0.5,0.0,0.5
0.5,0.0,0.5
0.5,0.0,0.5
0.5,0.0,0.5
0.5,0.0,0.5
0.5,0.0,0.5
0.5,0.0,0.5
0.5,0.0,0.5
0.5,0.0,0.5
0.5,0.0,0.5
0.5,0.0,0.5
0.5,0.0,0.5
0.5,0.0,0.5
0.5,0.0,0.5
0.5,0.0,0.5
0.5,0.0,0.5
0.5,0.0,0.5
0.5,0.0,0.5
0.27986233837349656,0.22013766162650344,0.5
0.5,0.0,0.5
0.5,0.0,0.5
0.4999999999999999,8.326672684688675e-17,0.5000000000000001
0.5,0.0,0.5
0.5,0.0,0.5
0.5,0.0,0.5
0.5,0.0,0.5
0.5,0.0,0.5
0.5,0.0,0.5
0.5,0.0,0.5
0.5,0.0,0.5
0.5,0.0,0.5
0.5,0.0,0.5
0.5,0.0,0.5
0.5,0.0,0.5
0.5,0.0,0.5
0.5,0.5,0.0
0.5,0.0,0.5
0.5,0.0,0.5
0.5,0.5,0.0
0.5,0.0,0.5
0.5,0.0,0.5
0.5,0.5,0.0
0.5,0.0,0.5
0.5,0.0,0.5
0.5,0.0,0.5
0.5,0.5,0.0
0.5,0.5,0.0
0.5,0.0,0.5
0.5,0.0,0.5
0.5,0.0,0.5
0.5,0.0,0.5
0.5,0.0,0.5
0.5,0.0,0.5
0.5,0.0,0.5
0.5,0.5,0.0
0.5,0.5,0.0
0.5,0.5,0.0
0.5,0.0,0.5
0.5,0.5,0.0
0.5,0.0,0.5
0.5,0.0,0.5
0.5,0.0,0.5
0.5,0.0,0.5
0.5,0.0,0.5
0.5,0.0,0.5
0.5,0.0,0.5
0.5,0.0,0.5
0.5,0.0,0.5
0.5,0.0,0.5
0.5,0.0,0.5
0.5,0.0,0.5
0.5,0.0,0.5
0.5,0.0,0.5
0.5,0.0,0.5
0.5,0.0,0.5
0.5,0.0,0.5
0.5,0.0,0.5
0.5,0.0,0.5
0.5,0.0,0.5
0.5,0.0,0.5
0.5,0.0,0.5
0.5,0.0,0.5
0.5,0.0,0.5
0.5,0.0,0.5
0.5,0.0,0.5
0.5,0.0,0.5
0.5,0.0,0.5
0.5,0.0,0.5
0.5,0.0,0.5
0.5,0.0,0.5
0.5,0.0,0.5
0.5,0.0,0.5
0.5,0.0,0.5
0.5,0.0,0.5
0.5,0.0,0.5
0.5,0.0,0.5
0.5,0.0,0.5
0.5,0.0,0.5
0.5,0.5,0.0
0.5,0.0,0.5
0.5,0.5,0.0
0.5,0.0,0.5
0.5,0.0,0.5
0.5,0.0,0.5
0.5,0.0,0.5
0.5,0.0,0.5
0.49999999999999994,0.2739737698362821,0.22602623016371792
0.5000000000000001,0.49999999999999983,7.979727989493314e-17
0.5000000000000001,0.49999999999999994,2.775557561562892e-17
0.4999999999999998,0.4999999999999997,4.163336342344337e-16
0.4999999999999998,0.4999999999999998,-3.4000580129145404e-16
0.5,0.0,0.5
0.5,0.0,0.5
0.5,0.5,0.0
0.5,0.0,0.5
0.5,0.0,0.5
0.5,0.0,0.5
0.5,0.0,0.5
0.5,0.0,0.5
0.5,0.0,0.5
0.5,0.5,-1.734723475976807e-17
0.49999999999999994,0.49999999999999994,1.1102230246251565e-16
0.4999999999999999,0.5,8.326672684688674e-17
0.4999999999999999,0.4999999999999999,-1.5959455978986623e-16
0.4999999999999999,0.4999999999999999,-1.5612511283791261e-16
0.5,0.0,0.5
0.5,0.0,0.5
0.5,0.0,0.5
0.5,0.0,0.5
0.5,0.0,0.5
0.5,0.5,0.0
0.5,0.0,0.5
0.5,0.0,0.5
0.5,0.0,0.5
0.5,0.0,0.5
0.5,0.0,0.5
0.5,0.5,0.0
0.5,0.0,0.5
0.5,0.0,0.5
0.5,0.0,0.5
0.5,0.0,0.5
0.5,0.0,0.5
0.5,0.0,0.5
0.5,0.0,0.5
0.5,0.0,0.5
0.4999999999999998,-6.071532165918822e-16,0.4999999999999998
0.5,0.0,0.5
0.5,0.0,0.5
0.5,0.0,0.5
0.5,0.0,0.5
0.4999999999999999,-2.081668171172168e-16,0.4999999999999999
0.5,0.0,0.5
0.5,0.0,0.5
0.5,0.0,0.5
0.5,0.0,0.5
0.5,0.0,0.5
0.5,0.0,0.5
0.5,0.0,0.5
0.5,0.0,0.5
0.5,0.0,0.5
0.5,0.0,0.5
0.5,0.0,0.5
0.5,0.5,0.0
0.5,0.5,0.0
0.5,0.0,0.5
6.522560269672796e-16,0.4999999999999998,0.4999999999999996
0.5,0.5,0.0
-1.6306400674181987e-16,0.49999999999999994,0.5
0.5,0.0,0.5
0.5,0.0,0.5
0.5,0.0,0.5
0.5,0.0,0.5
0.5,0.5,0.0
0.5,0.0,0.5
0.5,0.0,0.5
0.5,0.0,0.5
0.5,0.0,0.5
0.5,0.5,0.0
0.5,0.0,0.5
0.5,0.0,0.5
0.5,0.0,0.5
0.5,0.5,0.0
0.5,0.0,0.5
0.5,0.0,0.5
0.5,0.0,0.5
0.5,0.0,0.5
0.5,0.0,0.5
0.5,0.0,0.5
0.5,0.0,0.5
0.5,0.0,0.5
0.5,0.0,0.5
0.5,0.0,0.5
0.5,0.0,0.5
0.5,0.0,0.5
0.21738947448703083,0.5,0.28261052551296917
0.5,0.5,0.0
0.5,0.0,0.5
0.5,0.0,0.5
0.5,0.0,0.5
0.5,0.0,0.5
0.5,0.0,0.5
0.5,0.0,0.5
0.5,0.5,0.0
0.5,0.0,0.5
0.5,0.0,0.5
0.5,0.5,0.0
0.5,0.5,0.0
0.5,0.0,0.5
0.5,0.5,0.0
0.5,0.0,0.5
0.5,0.0,0.5
0.5,0.5,0.0
0.5,0.0,0.5
0.5,0.5,0.0
0.5,0.0,0.5
0.5,0.0,0.5
0.5,0.5,0.0
0.5000000000000001,0.49999999999999983,4.857225732735061e-17
0.5,0.5,0.0
0.4999999999999998,0.4999999999999997,5.039371697712625e-16
0.5,0.5,0.0
0.5,0.0,0.5
0.5,0.0,0.5
0.5,0.0,0.5
0.5,0.0,0.5
0.5,0.0,0.5
0.5,0.0,0.5
0.5,0.0,0.5
0.5,0.5,0.0
0.5,0.0,0.5
0.5,0.0,0.5
0.5,0.0,0.5
0.5,0.0,0.5
0.5,0.0,0.5
0.5,0.0,0.5
0.5,0.0,0.5
0.5,0.0,0.5
0.5,0.0,0.5
0.5,0.0,0.5
0.5,0.0,0.5
0.5,0.0,0.5
0.5,0.0,0.5
0.5,0.0,0.5
0.5,0.0,0.5
0.5,0.0,0.5
0.5,0.0,0.5
0.5,0.5,0.0
0.5,0.0,0.5
0.5,0.0,0.5
0.5,0.0,0.5
0.5,0.0,0.5
0.5,0.0,0.5
0.5,0.0,0.5
0.5,0.0,0.5
0.5,0.0,0.5
0.5,0.5,0.0
0.5,0.0,0.5
0.5,0.0,0.5
0.5,0.0,0.5
0.5,0.0,0.5
0.5,0.0,0.5
0.5,0.0,0.5
0.5,0.0,0.5
0.5,0.0,0.5
0.5,0.5,0.0
0.5,0.0,0.5
0.5,0.0,0.5
0.5,0.0,0.5
0.5,0.0,0.5
0.5,0.0,0.5
0.5,0.5,0.0
0.5,0.0,0.5
0.5,0.0,0.5
0.5,0.5,0.0
0.5,0.0,0.5
0.5,0.0,0.5
0.5,0.5,0.0
2.220446049250313e-16,0.4999999999999999,0.4999999999999999
0.5,0.0,0.5
0.5,0.5,0.0
0.5,0.0,0.5
0.5,0.0,0.5
0.5,0.0,0.5
0.5,0.0,0.5
0.5,0.0,0.5
0.5,0.0,0.5
0.5,0.5,0.0
0.5,0.5,0.0
-5.72458747072346e-16,0.4999999999999998,0.4999999999999998
0.5,0.0,0.5
0.5,0.0,0.5
0.5,0.0,0.5
0.5,0.0,0.5
0.5,0.0,0.5
0.5,0.0,0.5
0.5,0.0,0.5
0.5,0.0,0.5
0.5,0.0,0.5
0.5,0.0,0.5
0.5,0.0,0.5
0.5,0.0,0.5
0.5,0.0,0.5
0.5,0.0,0.5
0.5,0.0,0.5
0.25753517442342966,0.2424648255765703,0.5
0.3333333333333333,0.3333333333333333,0.3333333333333333
0.5,0.0,0.5
0.5,0.0,0.5
0.5,0.0,0.5
0.5,0.0,0.5
0.5,0.0,0.5
0.5,0.0,0.5
0.5,0.0,0.5
0.5,0.0,0.5
0.5,0.0,0.5
0.5,0.0,0.5
0.5,0.0,0.5
0.5,0.0,0.5
0.5,0.0,0.5
0.5,0.5,0.0
0.5,0.0,0.5
0.5,0.0,0.5
0.5,0.0,0.5
0.5,0.0,0.5
0.5,0.5,0.0
0.5,0.5,0.0
0.5,0.0,0.5
0.5,0.0,0.5
0.5,0.0,0.5
0.5,0.0,0.5
0.5,0.0,0.5
0.5,0.0,0.5
0.5,0.0,0.5
0.5,0.0,0.5
0.5,0.0,0.5
0.5,0.0,0.5
0.5,0.0,0.5
0.5,0.0,0.5
0.5,0.0,0.5
0.5,0.0,0.5
0.5,0.0,0.5
0.5,0.0,0.5
0.5,0.0,0.5
0.5,0.0,0.5
0.5,0.0,0.5
0.5,0.0,0.5
0.5,0.0,0.5
0.5,0.0,0.5
0.5,0.0,0.5
0.5,0.0,0.5
0.5,0.0,0.5
0.5,0.0,0.5
0.5,0.0,0.5
0.5,0.0,0.5
0.5,0.0,0.5
0.5,0.0,0.5
0.5,0.0,0.5
0.5,0.0,0.5
0.5,0.0,0.5
0.5,0.0,0.5
0.5,0.0,0.5
0.5,0.0,0.5
0.5,0.0,0.5
0.5,0.0,0.5
0.5,0.0,0.5
0.5,0.0,0.5
0.5,0.0,0.5
0.5,0.0,0.5
0.5,0.0,0.5
0.5,0.0,0.5
0.5,0.0,0.5
0.5,0.0,0.5
0.5,0.0,0.5
0.5,0.0,0.5
0.5,0.0,0.5
0.5,0.0,0.5
0.5,0.0,0.5
0.5,0.0,0.5
0.5,0.0,0.5
0.5,0.0,0.5
0.5,0.0,0.5
0.5,0.0,0.5
0.5,0.0,0.5
0.5,0.0,0.5
0.5,0.0,0.5
0.5,0.0,0.5
0.5,0.0,0.5
0.5,0.0,0.5
0.5,0.0,0.5
0.5,0.0,0.5
0.5,0.0,0.5
0.5,0.0,0.5
0.5,0.0,0.5
0.5,0.0,0.5
0.5,0.0,0.5
0.5,0.0,0.5
0.5,0.0,0.5
0.5,0.0,0.5
0.5,0.0,0.5
0.5,0.0,0.5
0.5,0.0,0.5
0.5,0.0,0.5
0.5,0.0,0.5
0.5,0.0,0.5
0.5,0.0,0.5
0.5,0.0,0.5
0.5,0.0,0.5
0.5,0.0,0.5
0.5,0.0,0.5
0.5,0.0,0.5
0.5,0.0,0.5
0.5,0.0,0.5
0.5,0.0,0.5
0.5,0.0,0.5
0.5,0.0,0.5
0.5,0.0,0.5
0.5,0.0,0.5
0.5,0.0,0.5
0.5,0.0,0.5
0.5,0.0,0.5
0.5,0.0,0.5
0.5,0.0,0.5
0.5,0.0,0.5
0.5,0.0,0.5
0.5,0.0,0.5
0.5,0.0,0.5
0.5,0.0,0.5
0.5,0.0,0.5
0.5,0.0,0.5
0.5,0.0,0.5
0.5,0.0,0.5
0.5,0.0,0.5
0.5,0.0,0.5
0.5,0.0,0.5
0.5,0.0,0.5
0.5,0.0,0.5
0.5,0.0,0.5
0.5,0.0,0.5
0.5,0.0,0.5
0.5,0.5,0.0
0.5,0.5,0.0
0.5,0.5,0.0
0.5,0.0,0.5
0.5,0.0,0.5
0.5,0.5,0.0
0.4999999999999999,0.5,6.938893903907228e-17
0.5,0.0,0.5
0.5,0.0,0.5
0.5,0.0,0.5
0.5,0.0,0.5
0.5,0.0,0.5
0.5,0.0,0.5
0.5,0.0,0.5
0.5,0.0,0.5
0.5,0.0,0.5
0.5,0.0,0.5
0.5,0.0,0.5
0.5,0.0,0.5
0.5,0.0,0.5
0.5,0.5,0.0
0.5,0.0,0.5
0.5,0.0,0.5
0.5,0.0,0.5
0.5,0.0,0.5
0.5,0.0,0.5
0.5,0.0,0.5
0.5,0.0,0.5
0.5,0.0,0.5
0.5,0.5,0.0
0.5,0.5,0.0
0.5,0.0,0.5
0.5,0.0,0.5
0.5,0.5,0.0
0.5,0.0,0.5
0.5,0.0,0.5
0.4999999999999993,1.2559397966072083e-15,0.4999999999999995
0.4999999999999997,0.4999999999999999,4.40619762898109e-16
0.5,0.5,0.0
0.5,0.0,0.5
0.5,0.0,0.5
0.5,0.0,0.5
0.5,0.0,0.5
0.5,0.0,0.5
0.5,0.0,0.5
0.5,0.0,0.5
0.5,0.5,0.0
0.5,0.5,0.0
0.5,0.0,0.5
0.5,0.0,0.5
0.5,0.0,0.5
0.5,0.0,0.5
0.5,0.0,0.5
0.5,0.0,0.5
0.5,0.0,0.5
0.5,0.0,0.5
0.5,0.0,0.5
0.5,0.0,0.5
0.5,0.0,0.5
0.5,0.0,0.5
0.5,0.0,0.5
0.5,0.0,0.5
0.5,0.0,0.5
0.5,0.0,0.5
0.5,0.0,0.5
0.5000000000000002,0.49999999999999944,3.3306690738754706e-16
0.4999999999999998,0.4999999999999999,-2.359223927328457e-16
0.49999999999999994,0.49999999999999994,1.1102230246251565e-16
0.5,0.0,0.5
0.5,0.0,0.5
0.5,0.5,0.0
0.5,0.5,4.163336342344337e-17
0.49999999999999994,0.4999999999999997,3.3306690738754696e-16
0.5,0.0,0.5
0.5,0.0,0.5
0.5,0.0,0.5
0.5,0.0,0.5
0.5,0.5,0.0
0.5,0.0,0.5
0.5,0.5,0.0
0.5,0.0,0.5
0.5,0.0,0.5
0.5,0.5,0.0
0.5,0.4999999999999999,-9.71445146547012e-17
0.4999999999999999,0.4999999999999999,-2.4980018054066017e-16
0.5,0.5,0.0
0.5,0.5,0.0
0.5,0.0,0.5
0.5,0.0,0.5
0.5,0.0,0.5
0.5,0.0,0.5
0.5,0.0,0.5
0.5,0.0,0.5
0.5,0.0,0.5
0.5,0.0,0.5
0.5,0.0,0.5
0.5,0.5,0.0
0.5,0.0,0.5
0.5,0.0,0.5
0.49999999999999956,0.49999999999999956,8.396061623727746e-16
0.5000000000000001,0.4999999999999997,1.7347234759768076e-16
0.5000000000000001,0.49999999999999933,5.412337245047639e-16
0.5,0.0,0.5
0.5,0.0,0.5
0.5,0.0,0.5
0.5,0.0,0.5
0.5,0.0,0.5
0.5,0.0,0.5
0.5,0.0,0.5
0.5,0.0,0.5
0.5,0.0,0.5
0.5,0.0,0.5
0.5,0.0,0.5
0.5,0.0,0.5
0.5,0.5,0.0
0.5,0.0,0.5
0.5,0.0,0.5
0.5,0.0,0.5
0.5,0.5,0.0
0.5,0.5,0.0
0.5,0.0,0.5
0.5,0.0,0.5
0.5,0.0,0.5
0.5,0.0,0.5
-2.6367796834847463e-16,0.4999999999999999,0.4999999999999999
0.5,0.0,0.5
0.22038004625078167,0.49999999999999994,0.2796199537492184
0.5,0.0,0.5
0.5,0.0,0.5
0.5,0.0,0.5
0.5,0.0,0.5
0.5,0.0,0.5
0.5,0.0,0.5
0.5,0.0,0.5
0.5,0.0,0.5
0.5,0.0,0.5
0.5,0.0,0.5
0.5,0.0,0.5
0.5,0.0,0.5
0.5,0.0,0.5
0.5,0.0,0.5
0.5,0.0,0.5
0.5,0.5,0.0
0.5,0.0,0.5
0.5,0.0,0.5
0.5,0.5,0.0
0.5,0.0,0.5
0.5,0.0,0.5
0.5,0.0,0.5
0.5,0.0,0.5
0.4999999999999998,0.4999999999999998,-3.330669073875468e-16
0.5,0.4999999999999999,5.551115123125783e-17
0.4999999999999998,0.5,-2.1597307275911248e-16
0.5,0.0,0.5
0.5,0.0,0.5
0.5,0.0,0.5
0.5,0.5,0.0
0.5,0.0,0.5
0.5,0.0,0.5
0.5,0.0,0.5
0.5,0.0,0.5
0.5,0.0,0.5
0.5,0.5,0.0
0.5,0.0,0.5
0.5,0.0,0.5
0.5,0.0,0.5
0.5,0.0,0.5
0.5,0.5,0.0
0.5,0.0,0.5
0.5,0.0,0.5
0.5,0.0,0.5
0.5,0.0,0.5
0.49999999999999967,0.49999999999999967,-6.748074321549775e-16
0.5,0.0,0.5
0.5,0.0,0.5
0.4999999999999998,0.5,-1.8041124150158794e-16
0.5,0.0,0.5
0.5,0.0,0.5
0.5,0.0,0.5
0.5,0.0,0.5
0.5,0.0,0.5
0.5,0.5,0.0
0.5,0.0,0.5
0.5,0.5,0.0
0.5,0.0,0.5
0.5,0.0,0.5
0.5,0.0,0.5
0.5,0.0,0.5
0.5,0.0,0.5
0.5,0.0,0.5
0.5,0.0,0.5
0.5,0.0,0.5
0.5,0.0,0.5
0.5,0.5,0.0
0.5,0.0,0.5
0.5,0.5,0.0
0.5,0.5,0.0
0.5,0.0,0.5
0.5,0.0,0.5
0.5,0.0,0.5
0.5,0.0,0.5
0.5,0.5,0.0
0.5,0.5,0.0
0.5,0.5,0.0
0.31139874817447705,0.5,0.188601251825523
0.2545862296651936,0.5,0.24541377033480635
0.5,0.0,0.5
0.5,0.0,0.5
0.5,0.0,0.5
0.5,0.0,0.5
0.5,0.0,0.5
0.5,0.0,0.5
0.5,0.5,0.0
0.5,0.0,0.5
0.5,0.0,0.5
0.5,0.0,0.5
0.5,0.0,0.5
0.5,0.5,0.0
0.5,0.0,0.5
0.5,0.0,0.5
0.5,0.0,0.5
0.5,0.0,0.5
0.5,0.0,0.5
0.5,0.0,0.5
0.5,0.0,0.5
0.5,0.0,0.5
0.5,0.0,0.5
0.5,0.0,0.5
0.5,0.0,0.5
0.5,0.0,0.5
0.5,0.0,0.5
0.5,0.0,0.5
0.5,0.0,0.5
0.5,0.0,0.5
0.5,0.5,0.0
0.5,0.0,0.5
0.5,0.5,0.0
0.5,0.5,0.0
0.5,0.0,0.5
0.5,0.0,0.5
0.5,0.0,0.5
0.5,0.5,0.0
0.5,0.0,0.5
0.49999999999999983,0.5000000000000001,5.551115123125784e-17
0.5,0.5,0.0
0.5,0.5,0.0
0.5,0.0,0.5
0.5,0.0,0.5
0.5,0.0,0.5
0.5,0.0,0.5
0.5,0.0,0.5
0.5,0.5,0.0
0.49999999999999967,0.49999999999999967,-6.730727086790007e-16
0.5,0.0,0.5
0.5,0.0,0.5
0.5,0.0,0.5
0.5,0.0,0.5
0.5,0.0,0.5
0.5,0.0,0.5
0.5,0.0,0.5
0.5,0.0,0.5
0.5,0.0,0.5
0.5,0.0,0.5
0.5,0.0,0.5
0.5,0.5,0.0
0.5,0.0,0.5
0.5,0.0,0.5
0.5,0.0,0.5
0.5,0.5,0.0
0.5,0.0,0.5
0.5,0.5,0.0
0.5,0.0,0.5
0.5,0.5,0.0
0.5,0.0,0.5
0.5,0.0,0.5
1.3877787807814457e-16,0.5,0.49999999999999994
0.5,0.0,0.5
0.5,0.0,0.5
0.5,0.0,0.5
0.5,0.5,0.0
0.5,0.5,0.0
0.5,0.0,0.5
0.5,0.0,0.5
0.5,0.5,0.0
0.5,0.0,0.5
0.5,0.0,0.5
0.5,0.0,0.5
0.5,0.0,0.5
0.5,0.0,0.5
0.5,0.0,0.5
0.5,0.0,0.5
0.5,0.0,0.5
0.5,0.0,0.5
0.5,0.5,0.0
0.5,0.0,0.5
0.5,0.0,0.5
0.5,0.0,0.5
0.5,0.0,0.5
0.5,0.0,0.5
0.5,0.0,0.5
0.5,0.0,0.5
0.5,0.0,0.5
0.5,0.0,0.5
0.5,0.0,0.5
0.5,0.0,0.5
0.5,0.0,0.5
0.5,0.0,0.5
0.5,0.0,0.5
0.5,0.0,0.5
0.5,0.0,0.5
0.5,0.0,0.5
0.5,0.0,0.5
0.23301957782351082,0.26698042217648915,0.5000000000000001
0.5,0.0,0.5
0.2807295300783898,0.21927046992161014,0.5
-3.053113317719182e-16,0.49999999999999944,0.5000000000000002
0.5,0.0,0.5
0.5,0.0,0.5
0.5,0.0,0.5
0.5,0.0,0.5
0.5,0.0,0.5
0.5,0.0,0.5
9.558326352632205e-16,0.49999999999999933,0.4999999999999996
4.0939474033052647e-16,0.5,0.49999999999999956
-1.1102230246251565e-16,0.5,0.5
0.5,0.0,0.5
0.5,0.0,0.5
0.5,0.0,0.5
0.5,0.0,0.5
0.5,0.0,0.5
0.5,0.0,0.5
1.387778780781446e-16,0.5000000000000001,0.49999999999999983
0.5,0.0,0.5
0.5,0.0,0.5
0.5,0.5,0.0
0.5,0.5,0.0
0.5,0.0,0.5
0.5,0.0,0.5
0.5,0.0,0.5
0.5,0.0,0.5
0.5,0.0,0.5
0.5,0.0,0.5
0.5,0.0,0.5
0.5,0.5,0.0
0.5,0.0,0.5
0.5,0.0,0.5
0.5,0.0,0.5
0.3333333333333333,0.3333333333333333,0.3333333333333333
0.5,0.0,0.5
0.5,0.0,0.5
0.5,0.0,0.5
0.5,0.0,0.5
0.4999999999999999,-2.4633073358870656e-16,0.4999999999999999
0.5,0.0,0.5
0.5,0.0,0.5
0.5,0.0,0.5
0.5,0.0,0.5
0.3333333333333333,0.3333333333333333,0.3333333333333333
0.3333333333333333,0.3333333333333333,0.3333333333333333
0.2857201480136557,0.5,0.2142798519863443
0.2828396935441814,0.5,0.21716030645581863
0.5,0.0,0.5
0.5,0.0,0.5
0.5,0.0,0.5
0.5,0.0,0.5
0.5,0.5,0.0
0.5,0.5,0.0
0.5,0.0,0.5
0.3308821514340538,0.5000000000000001,0.16911784856594606
0.22055140063898382,0.2794485993610161,0.5000000000000001
0.5,0.0,0.5
0.5,0.0,0.5
0.5,0.0,0.5
-7.494005416219808e-16,0.4999999999999992,0.5000000000000001
0.5,0.0,0.5
0.5,0.0,0.5
0.5,0.0,0.5
0.5,0.0,0.5
0.5,0.0,0.5
0.5,0.0,0.5
0.5,0.0,0.5
0.5,0.0,0.5
0.5,0.0,0.5
0.5,0.0,0.5
-9.575673587391967e-16,0.49999999999999956,0.49999999999999956
0.5000000000000001,1.5265566588595905e-16,0.4999999999999998
0.4999999999999998,2.775557561562891e-16,0.49999999999999983
0.5,0.5,0.0
0.5,0.0,0.5
0.5,0.0,0.5
0.5,0.0,0.5
0.5,0.0,0.5
0.5,0.0,0.5
0.5,0.0,0.5
0.5,0.0,0.5
0.5,0.0,0.5
0.5,0.0,0.5
0.5,0.0,0.5
0.5,0.0,0.5
0.5,0.0,0.5
0.5,0.0,0.5
0.5,2.7755575615628914e-17,0.5
0.5,0.0,0.5
0.5,0.0,0.5
0.5,0.0,0.5
0.5,0.0,0.5
0.5,0.0,0.5
0.5,0.0,0.5
0.5,0.0,0.5
0.5,0.0,0.5
0.5,0.0,0.5
0.5,0.0,0.5
0.5,0.0,0.5
0.5,0.0,0.5
0.5,0.0,0.5
0.5,0.0,0.5
0.5,0.5,0.0
0.5,0.5,0.0
0.5,0.5,0.0
0.5,0.0,0.5
0.5,0.0,0.5
0.5,0.0,0.5
0.5,0.0,0.5
0.5,0.0,0.5
0.5,0.0,0.5
0.5,0.5,0.0
0.5,0.0,0.5
0.5,0.0,0.5
0.5,0.0,0.5
0.5000000000000002,0.49999999999999983,0.0
0.49999999999999956,0.49999999999999956,-9.298117831235678e-16
0.5,0.5,0.0
0.4999999999999999,0.4999999999999999,-1.283695372222837e-16
0.5,0.0,0.5
0.5,0.0,0.5
0.5,0.0,0.5
0.5,0.0,0.5
0.5,0.5,0.0
0.5,0.5,0.0
0.5,0.0,0.5
0.5,0.0,0.5
0.5,0.0,0.5
0.5,0.0,0.5
0.5,0.0,0.5
0.5,0.0,0.5
0.5,0.34287452830784193,0.15712547169215807
0.5,0.5,-2.0816681711721685e-17
0.5,0.0,0.5
0.5,0.0,0.5
0.5,0.0,0.5
0.5,0.0,0.5
0.5,0.0,0.5
0.4999999999999999,0.5,6.938893903907228e-17
0.4999999999999998,0.4999999999999998,-3.330669073875468e-16
0.5,0.5,0.0
0.5,0.5,0.0
0.5,0.0,0.5
0.5,0.0,0.5
0.5,0.0,0.5
0.5,0.0,0.5
0.5,0.0,0.5
0.5,0.5,0.0
0.5,0.0,0.5
0.5,0.0,0.5
0.5,0.5,0.0
0.5,0.0,0.5
0.5,0.5,0.0
0.5,0.0,0.5
0.5,0.0,0.5
0.5,0.5,0.0
0.5,0.5,0.0
0.5,0.0,0.5
0.5,0.0,0.5
0.5,0.0,0.5
0.5,0.0,0.5
0.5,0.0,0.5
0.5,0.0,0.5
0.5,0.0,0.5
0.5,0.5,0.0
0.5,0.0,0.5
0.5,0.0,0.5
0.5,0.0,0.5
0.5,0.0,0.5
0.5,0.0,0.5
0.5,0.0,0.5
0.5,0.0,0.5
0.5,0.0,0.5
0.5,2.220446049250313e-16,0.49999999999999983
0.5,0.5,0.0
0.5,0.0,0.5
0.5,0.0,0.5
0.5,0.0,0.5
0.5,0.0,0.5
0.5,0.0,0.5
0.5,0.0,0.5
0.5,0.0,0.5
0.5,0.0,0.5
0.5,0.0,0.5
0.5,0.0,0.5
0.5,0.0,0.5
0.5,0.0,0.5
0.5,0.0,0.5
0.5,0.0,0.5
0.5,0.5,0.0
0.5,0.0,0.5
0.49999999999999983,0.5000000000000001,-6.245004513516507e-17
0.5,0.0,0.5
0.4999999999999999,0.4999999999999999,-2.081668171172168e-16
0.5,0.0,0.5
0.5,0.0,0.5
0.5,0.0,0.5
0.4999999999999999,0.5,1.5265566588595902e-16
0.5,0.28841592115611586,0.21158407884388414
0.5,0.5,0.0
0.5,0.0,0.5
0.5,0.0,0.5
0.5,0.0,0.5
0.5,0.0,0.5
0.5,0.0,0.5
0.5,0.0,0.5
0.5,0.5,0.0
0.5,0.0,0.5
0.5,0.0,0.5
0.5,0.0,0.5
0.5,0.0,0.5
0.5,0.0,0.5
0.5000000000000001,1.665334536937735e-16,0.4999999999999997
0.49999999999999983,3.191891195797325e-16,0.4999999999999999
0.5,0.5,0.0
0.5,0.0,0.5
0.5,0.0,0.5
0.5,0.0,0.5
0.4999999999999998,-5.273559366969492e-16,0.4999999999999998
0.5,0.0,0.5
0.5,0.0,0.5
0.5,0.0,0.5
0.5,0.0,0.5
0.4999999999999998,-2.844946500601963e-16,0.4999999999999999
0.5,0.5,0.0
0.4999999999999995,8.465450562766819e-16,0.4999999999999997
0.49999999999999956,5.689893001203927e-16,0.4999999999999999
0.5,-1.5612511283791264e-16,0.5
0.5,0.0,0.5
0.5,0.0,0.5
0.5,0.0,0.5
0.5,0.0,0.5
0.5,0.0,0.5
0.5,0.5,0.0
0.5,0.0,0.5
0.5,0.0,0.5
0.5,0.0,0.5
0.5,0.0,0.5
0.5,0.0,0.5
0.5,0.0,0.5
0.5,0.0,0.5
0.5,0.0,0.5
0.5,0.0,0.5
0.5,0.5,0.0
0.5,0.5,0.0
0.5,0.0,0.5
0.5,0.0,0.5
0.5,0.0,0.5
0.5,0.0,0.5
0.5,0.0,0.5
0.5,0.5,0.0
0.5,0.0,0.5
0.5,0.0,0.5
0.5,0.0,0.5
0.5,0.5,0.0
0.5,0.0,0.5
0.5,0.0,0.5
0.5,0.0,0.5
0.5,0.0,0.5
0.5,0.0,0.5
0.5,0.5,0.0
0.5,0.0,0.5
0.5,0.0,0.5
0.5,0.0,0.5
0.5,0.0,0.5
0.5,0.0,0.5
0.5,0.5,0.0
0.5,0.0,0.5
0.5,0.0,0.5
0.5,0.0,0.5
0.5,0.0,0.5
0.5,0.5,0.0
0.5,0.5,0.0
0.5,0.5,0.0
0.5,0.0,0.5
0.5,0.0,0.5
0.5,0.5,0.0
0.5,0.5,0.0
0.5,0.0,0.5
0.5,0.5,0.0
0.5,0.5,0.0
0.5,0.0,0.5
0.5,0.0,0.5
0.5,0.0,0.5
0.5,0.0,0.5
0.5,0.0,0.5
0.5,0.0,0.5
0.5,0.0,0.5
0.5,0.0,0.5
0.5,0.0,0.5
0.5,0.0,0.5
0.5,0.0,0.5
0.5,0.0,0.5
0.5,0.0,0.5
0.49999999999999994,-2.775557561562892e-17,0.5000000000000001
0.5,0.0,0.5
0.5,0.5,0.0
0.5,0.0,0.5
0.5,0.0,0.5
0.5,0.0,0.5
0.5,0.0,0.5
0.5,0.0,0.5
0.5,0.0,0.5
0.5,0.0,0.5
0.5,0.0,0.5
0.5,0.0,0.5
0.5,0.0,0.5
0.5,0.0,0.5
0.5,0.0,0.5
0.5,0.0,0.5
0.5,0.0,0.5
0.5,0.0,0.5
0.5,0.0,0.5
0.5,0.0,0.5
0.5,0.0,0.5
0.5,0.0,0.5
0.5,0.0,0.5
0.5,0.0,0.5
0.5,0.0,0.5
0.5,0.0,0.5
0.5,0.0,0.5
0.5,0.0,0.5
0.5,0.0,0.5
0.5,0.0,0.5
0.5,0.0,0.5
0.5,0.0,0.5
0.5,0.0,0.5
0.5,0.0,0.5
0.5,0.0,0.5
0.5,0.0,0.5
0.5,0.0,0.5
0.5,0.0,0.5
0.5,0.0,0.5
0.5,0.0,0.5
0.5,0.0,0.5
0.5,0.0,0.5
0.5,0.0,0.5
0.2672922994095506,0.23270770059044937,0.5
0.5,0.0,0.5
0.5,0.0,0.5
0.5,0.0,0.5
0.5,0.0,0.5
0.5,0.0,0.5
0.5,0.0,0.5
0.5,0.0,0.5
0.5,0.0,0.5
0.5,0.0,0.5
0.5,0.0,0.5
0.5,0.0,0.5
0.5,0.0,0.5
0.5,0.0,0.5
0.5,0.0,0.5
0.5,0.0,0.5
0.5,0.0,0.5
0.5,0.0,0.5
0.5,0.0,0.5
0.5,0.5,0.0
0.5,0.0,0.5
0.5,0.0,0.5
0.5,0.0,0.5
0.5,0.0,0.5
0.5,0.5,0.0
0.3333333333333333,0.3333333333333333,0.3333333333333333
0.5,0.0,0.5
0.5,0.5,0.0
0.5,0.0,0.5
0.5,0.0,0.5
0.5,0.0,0.5
0.5,0.0,0.5
0.5,0.0,0.5
0.5,0.0,0.5
0.5,0.0,0.5
0.5,0.0,0.5
0.5,0.0,0.5
0.5,0.0,0.5
0.5,0.0,0.5
0.5,0.5,0.0
0.5,0.0,0.5
0.5,0.0,0.5
0.5,0.0,0.5
0.5,0.0,0.5
0.5,0.5,0.0
0.5,0.0,0.5
0.5,0.5,0.0
0.5,0.0,0.5
0.5,0.0,0.5
0.5,0.0,0.5
0.5,0.5,0.0
0.5,0.0,0.5
0.5,0.0,0.5
0.5,0.0,0.5
0.5,0.5,0.0
0.5,0.0,0.5
0.4999999999999994,0.5000000000000004,2.220446049250315e-16
0.5,0.5,0.0
0.5,0.5,0.0
0.5,0.5,0.0
0.5,0.0,0.5
0.5,0.5,0.0
0.49999999999999994,0.29169286506245745,0.20830713493754272
0.5,0.2748329639014856,0.22516703609851435
0.5,0.0,0.5
0.5,0.2432414283517319,0.25675857164826815
0.5,0.0,0.5
0.5,0.0,0.5
0.5,0.0,0.5
0.5,0.0,0.5
0.5,0.0,0.5
0.5,0.0,0.5
0.5,0.0,0.5
0.5,0.0,0.5
0.5,0.0,0.5
0.5,0.0,0.5
0.5,0.0,0.5
0.5,0.5,0.0
0.5,0.5,0.0
0.5,0.0,0.5
0.5,0.0,0.5
0.5,0.5,0.0
0.5,0.0,0.5
0.5,0.0,0.5
0.5,0.0,0.5
0.5,0.5,0.0
0.5,0.0,0.5
0.5,0.0,0.5
0.5,0.0,0.5
0.5,0.0,0.5
0.5,0.0,0.5
0.5,0.5,0.0
0.5,0.5,0.0
0.5,0.0,0.5
0.5,0.0,0.5
0.5,0.5,0.0
0.5,0.0,0.5
0.5,0.0,0.5
0.5,0.0,0.5
0.5,0.0,0.5
0.5,0.5,0.0
0.5,0.0,0.5
0.5,0.0,0.5
0.5,0.0,0.5
0.5,0.0,0.5
0.5,0.0,0.5
0.5,0.0,0.5
0.5,0.0,0.5
0.5,0.0,0.5
0.5,0.0,0.5
0.5,0.0,0.5
0.5,0.0,0.5
0.5,0.0,0.5
0.5,0.0,0.5
0.5,0.0,0.5
0.5,0.0,0.5
0.2661541898186844,0.23384581018131556,0.5000000000000001
0.5,0.0,0.5
0.5,0.0,0.5
0.5,0.0,0.5
0.5,0.0,0.5
0.5,0.0,0.5
0.5,0.0,0.5
0.5,0.0,0.5
0.5,0.0,0.5
0.5,0.0,0.5
0.5,0.0,0.5
0.5,0.0,0.5
0.5,0.0,0.5
0.5,0.0,0.5
0.5,0.0,0.5
0.5,0.0,0.5
0.5,0.0,0.5
0.5,0.0,0.5
0.5,0.0,0.5
0.5,0.0,0.5
0.5,0.0,0.5
0.5,0.0,0.5
0.5,0.0,0.5
0.5,0.0,0.5
0.5,0.0,0.5
0.5,0.0,0.5
0.5,0.5,0.0
0.5,0.0,0.5
0.5,0.0,0.5
0.5,0.0,0.5
0.5,0.0,0.5
0.5,0.0,0.5
0.5,0.0,0.5
0.5,0.0,0.5
0.5,0.0,0.5
0.5,0.0,0.5
0.5,0.0,0.5
0.5,0.0,0.5
0.5,0.0,0.5
0.5,0.0,0.5
0.5,0.0,0.5
0.5,0.5,0.0
0.5,0.5,0.0
0.5,0.0,0.5
0.5,0.0,0.5
0.5,0.0,0.5
0.5,0.0,0.5
0.5,0.0,0.5
0.5,0.5,0.0
0.5,0.0,0.5
0.5,0.0,0.5
0.5,0.0,0.5
0.5,0.0,0.5
0.5,0.0,0.5
0.5,0.0,0.5
0.5,0.0,0.5
0.5,0.0,0.5
0.5,0.5,0.0
0.5,0.5,0.0
0.5,0.0,0.5
0.5,0.5,0.0
0.5,0.0,0.5
0.5,0.0,0.5
0.5,0.5,0.0
0.5,0.5,0.0
0.5,0.0,0.5
0.5,0.0,0.5
0.5,0.0,0.5
0.5,0.0,0.5
0.5,0.5,0.0
0.5,0.5,0.0
0.5,0.0,0.5
0.5,0.0,0.5
0.5,0.0,0.5
0.5,0.0,0.5
0.5,0.0,0.5
0.5,0.0,0.5
0.5,0.0,0.5
0.5,0.0,0.5
0.5,0.0,0.5
0.5,0.0,0.5
0.5,0.0,0.5
0.5,0.0,0.5
0.5,0.0,0.5
0.5,0.0,0.5
0.5,0.0,0.5
0.5,0.0,0.5
0.5,0.0,0.5
0.5,0.0,0.5
0.5,0.5,0.0
0.26379571155578735,0.23620428844421265,0.5
0.5,0.0,0.5
0.266685890025088,0.2333141099749121,0.49999999999999994
0.5,0.0,0.5
0.5,0.0,0.5
0.5,0.0,0.5
0.5,0.0,0.5
0.5,0.0,0.5
0.5,0.0,0.5
0.5,0.0,0.5
0.5,0.0,0.5
0.5,0.0,0.5
0.5,0.0,0.5
0.5,0.0,0.5
0.5,0.0,0.5
0.5,0.0,0.5
0.5,0.0,0.5
0.5,0.0,0.5
0.5,0.0,0.5
0.5,0.0,0.5
0.5,0.0,0.5
0.5,0.0,0.5
0.5,0.0,0.5
0.5,0.0,0.5
0.5,0.0,0.5
0.5,0.0,0.5
0.5,0.0,0.5
0.5,0.5,0.0
0.5,0.0,0.5
0.5,0.0,0.5
0.5,0.0,0.5
0.5,0.0,0.5
0.5,0.0,0.5
0.5,0.5,0.0
0.5,0.5,0.0
0.5,0.0,0.5
0.5,0.5,0.0
0.5,0.0,0.5
0.5,0.0,0.5
0.5,0.0,0.5
0.5,0.0,0.5
0.5,0.5,0.0
0.5,0.0,0.5
0.5,0.0,0.5
0.5,0.5,0.0
0.5,0.5,0.0
0.5,0.0,0.5
0.5,0.0,0.5
0.5,0.0,0.5
0.5,0.5,0.0
0.5,0.0,0.5
0.5,0.0,0.5
0.3333333333333333,0.3333333333333333,0.3333333333333333
0.5,0.0,0.5
0.5,0.0,0.5
0.5,0.0,0.5
0.5,0.0,0.5
0.5,0.0,0.5
0.5,0.0,0.5
0.5,0.0,0.5
0.5,0.0,0.5
0.5,0.0,0.5
0.5,0.0,0.5
0.5,0.0,0.5
0.5,0.0,0.5
0.5,0.0,0.5
0.5,0.0,0.5
0.5,0.0,0.5
0.5,0.0,0.5
0.5,0.0,0.5
0.5,0.0,0.5
0.5,0.0,0.5
0.5,0.0,0.5
0.5,0.0,0.5
0.5,0.0,0.5
0.5,0.0,0.5
0.5,0.0,0.5
0.5,0.0,0.5
0.5,0.0,0.5
0.5,0.0,0.5
0.5,0.0,0.5
0.5,0.0,0.5
0.5,0.0,0.5
0.5,0.0,0.5
0.5,0.0,0.5
0.5,0.0,0.5
0.5,0.0,0.5
0.5,0.0,0.5
0.5,0.0,0.5
0.5,0.0,0.5
0.5,0.0,0.5
0.2646720540687948,0.2353279459312052,0.5
0.27334655203234454,0.2266534479676555,0.5
0.5,0.0,0.5
0.5,0.0,0.5
0.5,0.0,0.5
0.5,0.0,0.5
0.5,0.0,0.5
0.5,0.0,0.5
0.5,0.0,0.5
0.5,0.0,0.5
0.5,0.0,0.5
0.5,0.0,0.5
0.5,0.0,0.5
0.5,0.0,0.5
0.5,0.0,0.5
0.5,0.0,0.5
0.5,0.0,0.5
0.5,0.0,0.5
0.5,0.0,0.5
0.5,0.0,0.5
0.5,0.0,0.5
0.5,0.5,0.0
0.5,0.0,0.5
0.5,0.5,0.0
0.3333333333333333,0.3333333333333333,0.3333333333333333
0.5,0.0,0.5
0.5,0.5,0.0
0.5,0.0,0.5
0.5,0.5,0.0
0.5,0.0,0.5
0.5,0.0,0.5
0.5,0.0,0.5
0.5,0.0,0.5
0.25123170116359556,0.24876829883640433,0.5000000000000002
0.5,0.0,0.5
0.3333333333333333,0.3333333333333333,0.3333333333333333
0.5,0.5,0.0
0.5,0.0,0.5
0.5,0.0,0.5
0.5,0.5,0.0
0.5,0.5,0.0
0.5,0.0,0.5
0.5,0.0,0.5
0.5,0.5,0.0
0.5,0.5,0.0
0.5,0.0,0.5
0.5,0.0,0.5
0.5,0.0,0.5
0.5,0.0,0.5
0.5,0.0,0.5
0.5,0.0,0.5
0.5,0.5,0.0
0.5,0.0,0.5
0.5,0.5,0.0
0.5,0.5,0.0
0.5,0.5,0.0
0.5,0.0,0.5
0.5,0.5,0.0
0.5,0.0,0.5
0.5,0.0,0.5
0.5,0.0,0.5
0.27536529806962035,0.22463470193037963,0.5
0.5,0.5,0.0
0.5,0.0,0.5
0.5,0.0,0.5
0.5,0.0,0.5
0.5,0.0,0.5
0.5,0.0,0.5
0.5,0.0,0.5
0.5,0.5,0.0
0.5,0.0,0.5
0.5,0.0,0.5
0.5,0.0,0.5
0.5,0.0,0.5
0.5,0.0,0.5
0.5,0.5,0.0
0.5,0.0,0.5
0.5,0.0,0.5
0.5,0.0,0.5
0.5,0.0,0.5
0.5,0.5,0.0
0.5,0.0,0.5
0.5,0.0,0.5
0.5,0.0,0.5
0.5,0.5,0.0
0.5,0.0,0.5
0.5,0.5,0.0
0.1971476684706006,0.5,0.3028523315293994
0.5,0.0,0.5
0.5,0.0,0.5
0.5,0.0,0.5
0.5,0.0,0.5
0.5,0.5,0.0
0.5,0.0,0.5
0.5,0.0,0.5
0.5,0.0,0.5
0.5,0.0,0.5
0.5,0.0,0.5
0.5,0.0,0.5
0.5,0.0,0.5
0.5,0.0,0.5
0.5,0.5,0.0
0.5,0.0,0.5
0.5,0.0,0.5
0.5,0.0,0.5
0.5,0.0,0.5
0.5,0.0,0.5
0.5,0.0,0.5
0.5,0.0,0.5
0.5,0.0,0.5
0.5,0.0,0.5
0.5,0.0,0.5
0.5,0.0,0.5
0.5,0.0,0.5
0.5,0.0,0.5
0.5,0.0,0.5
0.5,0.0,0.5
0.5,0.0,0.5
-1.9428902930940235e-16,0.4999999999999999,0.4999999999999999
0.5,0.0,0.5
0.5,0.5,0.0
0.5,0.5,0.0
1.6653345369377353e-16,0.5000000000000001,0.4999999999999996
3.8163916471489756e-16,0.49999999999999983,0.4999999999999998
0.5,0.0,0.5
0.5,0.0,0.5
0.5,0.0,0.5
0.5,0.0,0.5
0.5,0.0,0.5
0.5,0.0,0.5
0.5,0.0,0.5
0.5,0.0,0.5
-1.5265566588595902e-16,0.4999999999999998,0.5
0.5,0.5,0.0
0.5,0.0,0.5
0.5,0.0,0.5
0.5,0.0,0.5
0.5,0.0,0.5
0.5,0.0,0.5
0.5,0.0,0.5
0.5,0.0,0.5
0.5,0.0,0.5
0.5,0.0,0.5
0.5,0.0,0.5
0.5,0.0,0.5
0.5,0.0,0.5
0.5,0.0,0.5
0.5,0.0,0.5
0.5,0.0,0.5
0.5,0.0,0.5
0.5,0.0,0.5
0.5,0.0,0.5
0.5,0.0,0.5
0.5,0.0,0.5
0.5,0.0,0.5
0.5,0.0,0.5
0.5,0.0,0.5
0.5,0.0,0.5
0.5,0.0,0.5
0.5,0.0,0.5
0.5,0.0,0.5
0.5,0.0,0.5
0.5,0.0,0.5
0.5,0.0,0.5
0.5,0.0,0.5
0.5,0.0,0.5
0.5,0.0,0.5
0.5,0.0,0.5
0.3333333333333333,0.3333333333333333,0.3333333333333333
0.5,0.0,0.5
0.5,0.0,0.5
0.5,0.0,0.5
0.5,0.0,0.5
0.5,0.0,0.5
0.5,0.0,0.5
0.5,0.0,0.5
0.5,0.0,0.5
0.5,0.0,0.5
0.5,0.0,0.5
0.5,0.0,0.5
0.5,0.0,0.5
0.5,0.0,0.5
0.5,0.0,0.5
0.5,0.0,0.5
0.5,0.5,0.0
0.5,0.0,0.5
0.5,0.0,0.5
0.5,0.0,0.5
0.5,0.0,0.5
0.5,0.0,0.5
0.5,0.0,0.5
0.5,0.0,0.5
0.5,0.0,0.5
0.5,0.0,0.5
0.5,0.0,0.5
0.5,0.5,0.0
0.5,0.0,0.5
0.49999999999999983,0.4999999999999991,1.1518563880486001e-15
0.4999999999999998,0.4999999999999998,-3.955169525227118e-16
0.49999999999999994,0.5000000000000001,-2.6020852139652113e-17
0.5,0.5,0.0
0.5,0.0,0.5
0.5,0.5,0.0
0.5,0.0,0.5
0.5,0.0,0.5
0.5,0.0,0.5
0.5,0.0,0.5
0.5,0.0,0.5
0.5,0.5,0.0
0.5,0.5,0.0
0.5,0.0,0.5
0.5,0.0,0.5
0.5,0.0,0.5
0.5,0.5,0.0
0.5,0.0,0.5
0.5,0.0,0.5
0.5,0.0,0.5
0.5,0.0,0.5
0.5,0.0,0.5
0.5,0.0,0.5
0.5,0.0,0.5
0.5,0.0,0.5
0.5,0.0,0.5
0.5,0.0,0.5
0.5,0.0,0.5
0.5,0.0,0.5
0.5,0.0,0.5
0.5,0.0,0.5
0.5,0.0,0.5
0.5,0.0,0.5
0.5,0.0,0.5
0.5,0.0,0.5
0.5,0.0,0.5
0.5,0.0,0.5
0.5,0.0,0.5
0.5,0.0,0.5
0.5,0.0,0.5
0.5,0.0,0.5
0.5,0.0,0.5
0.5,0.0,0.5
0.4999999999999999,6.661338147750939e-16,0.49999999999999956
0.49999999999999944,-1.0547118733938975e-15,0.49999999999999944
0.5,0.0,0.5
0.5,0.0,0.5
0.5,0.0,0.5
0.5,0.0,0.5
0.5,0.0,0.5
0.5,0.0,0.5
0.5,0.0,0.5
0.5,0.0,0.5
0.5,0.0,0.5
0.5,0.0,0.5
0.5,0.0,0.5
0.5,0.0,0.5
0.5,0.0,0.5
0.5,0.0,0.5
0.5,0.0,0.5
0.5,0.0,0.5
0.5,0.0,0.5
0.5,0.0,0.5
0.5,0.0,0.5
0.5,0.0,0.5
0.5,0.0,0.5
0.5,0.0,0.5
0.5,0.0,0.5
0.5,0.0,0.5
0.5,0.0,0.5
0.5,0.0,0.5
0.5,0.0,0.5
0.5,0.0,0.5
0.5,0.0,0.5
0.5,0.0,0.5
0.5,0.0,0.5
0.5,0.5,0.0
0.5,0.0,0.5
0.5,0.0,0.5
0.5,0.0,0.5
0.5,0.0,0.5
0.5,0.0,0.5
0.5,0.0,0.5
0.5,0.5,0.0
0.5,0.0,0.5
0.5,0.0,0.5
0.5,0.0,0.5
0.5,0.0,0.5
0.5,0.0,0.5
0.5,0.0,0.5
0.5,0.0,0.5
0.49999999999999956,-8.881784197001244e-16,0.49999999999999956
0.5000000000000001,5.551115123125784e-17,0.4999999999999999
0.5,-1.8735013540549517e-16,0.4999999999999999
0.49999999999999967,3.608224830031759e-16,0.49999999999999994
0.4999999999999997,4.0245584642661925e-16,0.4999999999999999
0.5,0.0,0.5
0.5,0.0,0.5
0.5,0.0,0.5
0.5,0.0,0.5
0.5,0.0,0.5
0.5,0.0,0.5
0.5,0.0,0.5
0.5,0.0,0.5
0.4999999999999999,0.24766146593249222,0.252338534067508
0.4999999999999999,0.23958579582001993,0.2604142041799803
0.5,0.0,0.5
0.5,0.0,0.5
0.5,0.0,0.5
0.5,0.5,0.0
0.5,0.5,0.0
0.5,0.0,0.5
0.5,0.0,0.5
0.5,0.0,0.5
0.5,0.0,0.5
0.5,0.0,0.5
0.5,0.0,0.5
0.5,0.0,0.5
0.5,0.0,0.5
0.5,0.0,0.5
0.5,0.0,0.5
0.5,0.0,0.5
0.5,0.0,0.5
0.21900282878472352,0.5,0.2809971712152764
0.5,0.0,0.5
0.3476998445589223,0.5000000000000001,0.1523001554410777
0.5,0.0,0.5
0.5,0.0,0.5
0.5,0.0,0.5
0.5,0.0,0.5
0.5,0.0,0.5
0.5,0.0,0.5
0.5,0.0,0.5
0.5,0.0,0.5
0.5,0.0,0.5
0.5,0.0,0.5
0.5,0.0,0.5
0.5,0.0,0.5
0.5,0.0,0.5
0.5,0.0,0.5
0.5,0.0,0.5
0.5,0.0,0.5
0.5,0.0,0.5
0.5,0.0,0.5
0.5,0.0,0.5
0.5,0.0,0.5
0.5,0.0,0.5
0.5,0.0,0.5
0.5,0.0,0.5
0.5,0.0,0.5
0.5,0.0,0.5
0.5,0.0,0.5
0.5,0.0,0.5
0.5,0.0,0.5
0.5,0.0,0.5
0.5,0.0,0.5
0.5,0.0,0.5
0.5,0.0,0.5
0.5,0.0,0.5
0.5,0.0,0.5
0.5,0.0,0.5
0.5,0.0,0.5
0.5,0.0,0.5
0.5,0.0,0.5
0.5,0.0,0.5
0.5,0.0,0.5
0.5,0.0,0.5
0.5,0.0,0.5
0.5,0.0,0.5
0.5,0.0,0.5
0.5,0.0,0.5
0.5,2.480654570646834e-16,0.4999999999999997
0.4999999999999998,-5.689893001203924e-16,0.4999999999999998
0.2531809044622026,0.24681909553779746,0.5
0.5,0.0,0.5
0.5,0.0,0.5
0.5,0.0,0.5
0.5,0.0,0.5
0.5,0.0,0.5
0.5,0.0,0.5
0.5,0.0,0.5
0.5,0.0,0.5
0.5,0.0,0.5
0.5,0.0,0.5
0.5,0.0,0.5
0.5,0.0,0.5
0.5,0.0,0.5
0.5,0.0,0.5
0.5,0.0,0.5
0.5,0.0,0.5
0.5,0.0,0.5
0.5,0.0,0.5
0.24096249744452405,0.5000000000000001,0.2590375025554759
0.5,0.0,0.5
0.5,0.0,0.5
0.5,0.0,0.5
0.49999999999999967,0.5000000000000002,-1.110223024625157e-16
0.5,0.0,0.5
0.5,0.0,0.5
0.5,0.0,0.5
0.4999999999999999,0.4999999999999996,5.551115123125783e-16
0.2780463421501366,0.5000000000000001,0.22195365784986337
0.5,0.5,0.0
0.5,0.5,0.0
0.49999999999999956,0.49999999999999956,-8.465450562766811e-16
0.4999999999999998,0.4999999999999998,-3.6082248300317573e-16
0.5,0.0,0.5
0.5,0.0,0.5
0.5,0.0,0.5
0.5,0.0,0.5
0.5,0.0,0.5
0.5,0.0,0.5
0.5,0.0,0.5
0.5,0.5,0.0
0.5,0.0,0.5
0.5,0.0,0.5
0.5,0.0,0.5
0.5,0.0,0.5
0.5,0.0,0.5
0.5,0.0,0.5
0.5,0.0,0.5
0.5,0.0,0.5
0.5,0.0,0.5
0.5,0.0,0.5
0.5,0.5,0.0
0.5,0.0,0.5
0.5,0.0,0.5
3.9898639947466563e-16,0.49999999999999994,0.4999999999999997
0.21251902313305218,0.28748097686694785,0.5
0.5,0.0,0.5
0.5,0.0,0.5
0.5,0.0,0.5
0.5,0.0,0.5
0.5,0.0,0.5
0.5,0.0,0.5
0.5,0.0,0.5
0.5,0.0,0.5
0.5,0.0,0.5
0.5,0.0,0.5
0.5,0.0,0.5
0.5,0.0,0.5
0.5,0.0,0.5
0.5,0.0,0.5
0.5,0.0,0.5
0.5,0.0,0.5
0.5,0.0,0.5
0.5,0.0,0.5
0.5,0.0,0.5
0.5,0.0,0.5
0.5,0.0,0.5
0.5,0.0,0.5
0.5,0.0,0.5
0.5,0.0,0.5
0.5,0.0,0.5
0.5,0.0,0.5
0.5,0.0,0.5
0.5,0.0,0.5
0.5,0.0,0.5
0.5,0.0,0.5
0.5,0.0,0.5
0.5,0.0,0.5
0.5,0.0,0.5
0.5,0.0,0.5
0.5,0.0,0.5
0.5,0.0,0.5
0.5,0.0,0.5
0.24782230306576164,0.2521776969342383,0.5
0.5,0.0,0.5
0.5,0.0,0.5
0.5,0.0,0.5
0.5,0.0,0.5
0.5,0.0,0.5
0.5,0.0,0.5
0.5,0.0,0.5
0.5,0.0,0.5
0.5,0.0,0.5
0.5,0.0,0.5
0.5,0.0,0.5
0.5,0.0,0.5
0.5,0.0,0.5
0.5,0.0,0.5
0.5,0.0,0.5
0.5,0.0,0.5
0.5,0.0,0.5
0.5,0.0,0.5
0.5,0.0,0.5
0.5,0.0,0.5
0.5,0.0,0.5
0.5,0.0,0.5
0.5,0.0,0.5
0.5,0.0,0.5
0.5,0.0,0.5
0.5,0.0,0.5
0.5,0.0,0.5
0.5,0.0,0.5
0.5,0.0,0.5
0.5,0.0,0.5
0.5,0.0,0.5
0.5,0.0,0.5
0.5,0.0,0.5
0.5,0.0,0.5
0.5,0.0,0.5
0.5,0.0,0.5
0.5,0.0,0.5
0.5,0.0,0.5
0.5,0.0,0.5
0.5,0.0,0.5
0.5,0.0,0.5
0.5,0.0,0.5
0.5000000000000001,0.4999999999999999,1.387778780781446e-16
0.5,0.5,0.0
0.49999999999999933,0.49999999999999933,-1.2420620087993923e-15
0.5,0.5,0.0
0.5,0.0,0.5
0.5,0.0,0.5
0.5,0.5,0.0
0.5,0.0,0.5
0.5,0.0,0.5
0.5,0.0,0.5
0.5,0.0,0.5
0.5,0.5,0.0
0.5,0.0,0.5
0.5,0.0,0.5
0.5,0.0,0.5
0.5,0.5,0.0
0.5,0.5,0.0
0.5,0.0,0.5
0.5,0.5,0.0
0.5,0.0,0.5
0.5,0.5,0.0
0.5,0.0,0.5
0.5,0.5,0.0
0.5,0.0,0.5
0.5,0.0,0.5
0.5,0.0,0.5
0.5,0.0,0.5
0.5,0.5,0.0
1.179611963664229e-15,0.4999999999999988,0.5000000000000001
0.5,0.0,0.5
0.5,0.0,0.5
0.5,0.5,0.0
0.5,0.0,0.5
0.5,0.0,0.5
0.5,0.0,0.5
0.5,0.0,0.5
0.5,0.0,0.5
0.5,0.5,0.0
0.5,0.5,0.0
0.5,0.0,0.5
0.5,0.0,0.5
0.5,0.0,0.5
0.5,0.0,0.5
0.5,0.0,0.5
0.5,0.0,0.5
0.5,0.0,0.5
0.5,0.0,0.5
-2.775557561562892e-17,0.5000000000000001,0.49999999999999994
0.5,0.5,0.0
0.5,0.0,0.5
0.5,0.0,0.5
0.5,0.5,0.0
0.5,0.0,0.5
0.5,0.0,0.5
0.5,0.0,0.5
0.5,0.0,0.5
0.5,0.0,0.5
0.5,0.5,0.0
0.5,0.5,0.0
0.5,0.0,0.5
0.5,0.5,0.0
0.5,0.0,0.5
0.5,0.0,0.5
0.5,0.0,0.5
0.5,0.5,0.0
0.5,0.0,0.5
0.5,0.5,0.0
0.5,0.0,0.5
0.5,0.0,0.5
0.5,0.5,0.0
0.5,0.0,0.5
0.5,0.0,0.5
0.5,0.0,0.5
0.5,0.0,0.5
0.5,0.0,0.5
0.5,0.0,0.5
0.5,0.0,0.5
0.5,0.0,0.5
0.5,0.0,0.5
0.5,0.0,0.5
0.5,0.5,0.0
0.5,0.0,0.5
0.5,0.5,0.0
0.5,0.0,0.5
0.5,0.0,0.5
0.5,0.0,0.5
0.5,0.0,0.5
0.5,0.0,0.5
0.5,0.0,0.5
0.5,0.0,0.5
0.5,0.0,0.5
0.5,0.0,0.5
0.5,0.0,0.5
0.5,0.0,0.5
0.5,0.0,0.5
0.5,0.0,0.5
0.5,0.0,0.5
0.5,0.0,0.5
0.5,0.0,0.5
0.5,0.0,0.5
0.5,0.0,0.5
0.5,0.0,0.5
0.5,0.0,0.5
0.5,0.0,0.5
0.5,0.0,0.5
0.5,0.0,0.5
0.5,0.0,0.5
0.5,0.0,0.5
0.5,0.0,0.5
0.5,0.0,0.5
0.5,0.0,0.5
0.5,0.0,0.5
0.5,0.0,0.5
0.5,0.0,0.5
0.5,0.0,0.5
0.5,0.0,0.5
0.5,0.0,0.5
0.5,0.0,0.5
0.5,0.0,0.5
0.5,0.0,0.5
0.5,0.0,0.5
0.5,0.0,0.5
0.5,0.0,0.5
0.5,0.0,0.5
0.5,0.0,0.5
0.5,0.0,0.5
0.5,0.0,0.5
0.5,0.0,0.5
0.5,0.0,0.5
0.5,0.0,0.5
0.5,0.0,0.5
0.5,0.0,0.5
0.5,0.0,0.5
0.5,0.0,0.5
0.5,0.0,0.5
0.5,0.0,0.5
0.5,0.0,0.5
0.5,0.0,0.5
0.5,0.0,0.5
0.5,0.0,0.5
0.5,0.0,0.5
0.5,0.0,0.5
0.5,0.0,0.5
0.5,0.0,0.5
0.5,0.0,0.5
0.5,0.0,0.5
0.5,0.5,0.0
0.5,0.5,0.0
0.4999999999999999,1.6653345369377348e-16,0.49999999999999994
0.4999999999999998,-2.9143354396410344e-16,0.4999999999999998
0.5,0.0,0.5
0.5,0.0,0.5
0.5,0.0,0.5
0.5,0.0,0.5
0.5,0.0,0.5
0.5,0.0,0.5
0.4999999999999998,-5.117434254131579e-16,0.4999999999999998
0.5,0.0,0.5
0.5,0.0,0.5
0.5,0.0,0.5
0.5,0.0,0.5
0.5,0.0,0.5
0.5,0.0,0.5
0.5,0.0,0.5
0.5,0.0,0.5
0.5,0.0,0.5
0.5,0.0,0.5
0.5,0.0,0.5
0.5,0.0,0.5
0.5,0.0,0.5
0.5,0.0,0.5
0.5,0.0,0.5
0.5,0.5,0.0
0.5,0.0,0.5
0.5,0.0,0.5
0.5,0.5,0.0
0.5,0.0,0.5
0.5,0.0,0.5
0.5,0.5,0.0
0.5,0.0,0.5
0.5,0.0,0.5
0.5,0.0,0.5
0.5,0.0,0.5
0.5,0.0,0.5
0.5,0.0,0.5
0.5,0.0,0.5
0.5,0.0,0.5
0.5,0.0,0.5
0.5,0.0,0.5
0.5,0.0,0.5
0.5,0.0,0.5
0.5,0.0,0.5
0.5,0.0,0.5
0.5,0.0,0.5
0.5,0.0,0.5
0.5,0.0,0.5
0.5,0.0,0.5
0.5,0.0,0.5
0.5,0.0,0.5
0.5,0.0,0.5
0.5,0.0,0.5
0.5,0.0,0.5
0.5,0.0,0.5
0.5,0.0,0.5
0.5,0.0,0.5
0.5,0.0,0.5
0.5,0.0,0.5
0.5,0.0,0.5
0.5,0.0,0.5
0.5,0.0,0.5
0.5,0.0,0.5
0.5,0.0,0.5
0.5,0.0,0.5
0.5,0.0,0.5
0.5,0.0,0.5
0.5,0.0,0.5
0.5,0.0,0.5
0.5,0.0,0.5
0.5,0.0,0.5
0.5,0.0,0.5
0.5,0.0,0.5
0.5,0.0,0.5
0.5,0.0,0.5
0.5,0.0,0.5
0.5,0.0,0.5
0.5,0.0,0.5
0.5,0.0,0.5
0.5,0.0,0.5
0.5,0.0,0.5
0.5,0.0,0.5
0.5,0.0,0.5
0.5,0.0,0.5
0.5,0.0,0.5
0.5,0.0,0.5
0.5,0.0,0.5
0.5,0.0,0.5
0.5,0.0,0.5
0.5,0.0,0.5
0.5,0.0,0.5
0.5,0.0,0.5
0.5,0.5,0.0
0.5,0.0,0.5
0.5,0.0,0.5
0.5,0.0,0.5
0.5,0.0,0.5
0.5,0.0,0.5
0.5,0.0,0.5
0.5,0.0,0.5
0.5,0.0,0.5
0.5,0.0,0.5
0.5,0.0,0.5
0.5,0.0,0.5
0.5,0.0,0.5
0.5,0.0,0.5
0.5,0.0,0.5
0.5,0.0,0.5
0.5,0.0,0.5
0.5,0.0,0.5
0.5,0.0,0.5
-1.249000902703301e-16,0.5,0.5
5.967448757360216e-16,0.49999999999999967,0.4999999999999998
-6.661338147750935e-16,0.49999999999999967,0.49999999999999967
-2.619432448724978e-16,0.4999999999999999,0.4999999999999999
3.7470027081099033e-16,0.4999999999999999,0.4999999999999998
0.5,0.5,0.0
0.5,0.0,0.5
0.5,0.5,0.0
0.5,0.0,0.5
0.5,0.0,0.5
0.5,0.0,0.5
0.5,0.0,0.5
0.5,0.0,0.5
0.5,0.0,0.5
0.5,0.5,0.0
2.0816681711721685e-16,0.5,0.4999999999999997
0.5,0.5,0.0
0.5,0.5,0.0
-1.212138028838794e-16,0.5,0.4999999999999999
0.5,0.5,0.0
0.5,0.5,0.0
0.5,0.0,0.5
0.5,0.0,0.5
0.5,0.0,0.5
0.5,0.0,0.5
0.5,0.0,0.5
0.5,0.0,0.5
0.5,0.0,0.5
0.5,0.0,0.5
0.5,0.5,0.0
0.5,0.0,0.5
0.5,0.0,0.5
0.49999999999999933,9.072603779358701e-16,0.4999999999999998
0.5,0.0,0.5
0.5,0.0,0.5
0.5,0.0,0.5
0.5,0.0,0.5
0.5,0.0,0.5
0.5,0.0,0.5
0.5,0.0,0.5
0.5,0.0,0.5
0.5,0.0,0.5
0.5,0.0,0.5
0.4999999999999998,-5.065392549852275e-16,0.4999999999999998
0.5,0.0,0.5
0.5,0.0,0.5
0.5,0.0,0.5
0.5,0.0,0.5
0.5,0.0,0.5
0.5,0.0,0.5
1.1102230246251568e-16,0.4999999999999998,0.5000000000000001
0.5,0.0,0.5
0.5,0.0,0.5
0.5,0.0,0.5
0.5,0.0,0.5
0.5,0.0,0.5
0.5,0.0,0.5
0.5,0.0,0.5
0.5,0.0,0.5
0.5,0.0,0.5
0.5,0.0,0.5
0.5,0.0,0.5
0.5,0.0,0.5
0.5,0.5,0.0
0.5,0.0,0.5
0.5,0.0,0.5
0.5,0.0,0.5
0.5,0.0,0.5
0.5,0.0,0.5
0.5,0.0,0.5
0.5,0.0,0.5
0.5,0.0,0.5
0.5,0.0,0.5
0.5,0.0,0.5
0.5,0.0,0.5
0.5,0.0,0.5
0.5,0.0,0.5
0.5,0.0,0.5
0.5,0.0,0.5
0.5,0.0,0.5
0.5,0.0,0.5
0.5,0.0,0.5
0.24038726575982827,0.2596127342401718,0.49999999999999994
0.23568450523253395,0.2643154947674661,0.5
0.26165731661170066,0.2383426833882994,0.5
0.5,0.0,0.5
0.5,0.0,0.5
0.5,0.0,0.5
0.5,0.0,0.5
0.5,0.0,0.5
0.5,0.0,0.5
0.5,0.0,0.5
0.5,0.0,0.5
0.233953629831179,0.26604637016882093,0.5
0.5,0.5,0.0
0.5,0.5,0.0
0.5,0.5,0.0
0.5,0.5,0.0
0.5,0.5,0.0
0.5,0.0,0.5
0.5,0.0,0.5
0.5,0.0,0.5
0.5,0.5,0.0
0.5,0.0,0.5
-2.775557561562892e-17,0.4999999999999999,0.5000000000000001
0.5,0.0,0.5
0.5,0.0,0.5
0.5,0.0,0.5
0.5,0.0,0.5
0.5,0.0,0.5
0.5,0.0,0.5
0.5,0.0,0.5
0.5,0.0,0.5
0.5,0.0,0.5
0.5,0.0,0.5
0.5,0.5,0.0
0.5,0.0,0.5
0.5,0.0,0.5
0.5,0.0,0.5
0.5,0.0,0.5
0.5,0.0,0.5
0.5,0.0,0.5
0.5,0.0,0.5
0.5,0.5,0.0
0.5,0.0,0.5
0.5,0.0,0.5
0.5,0.0,0.5
0.5,0.0,0.5
0.5,0.0,0.5
0.5,0.0,0.5
0.5,0.0,0.5
0.5,0.0,0.5
0.5,0.0,0.5
0.5,0.0,0.5
0.5,0.0,0.5
0.5,0.0,0.5
0.5,0.0,0.5
0.5,0.0,0.5
0.5,0.0,0.5
0.5,0.0,0.5
0.5,0.0,0.5
0.5,0.0,0.5
0.5,0.0,0.5
0.5,0.0,0.5
0.5,0.0,0.5
0.5,0.0,0.5
0.5,0.0,0.5
0.5,0.0,0.5
0.5,0.0,0.5
0.5,0.0,0.5
0.5,0.0,0.5
0.5,0.0,0.5
0.5,0.0,0.5
0.5,0.0,0.5
0.5,0.0,0.5
0.5,0.0,0.5
0.5,0.0,0.5
0.5,0.0,0.5
0.5,0.0,0.5
0.5,0.0,0.5
0.5,0.0,0.5
0.5,0.0,0.5
0.5,0.0,0.5
0.5,0.0,0.5
0.5,0.0,0.5
0.5,0.0,0.5
0.5,0.0,0.5
0.5,0.0,0.5
0.5,0.0,0.5
0.5,0.0,0.5
0.5,0.0,0.5
0.5,0.0,0.5
0.5,0.0,0.5
0.5,0.0,0.5
0.5,0.0,0.5
0.5,0.0,0.5
0.5,0.0,0.5
0.5,0.0,0.5
0.5,0.0,0.5
0.5,0.0,0.5
0.5,0.0,0.5
0.5,0.0,0.5
0.5,0.0,0.5
0.5,0.0,0.5
0.5,0.0,0.5
0.5,0.0,0.5
0.5,0.0,0.5
0.5,0.0,0.5
0.5,0.5,0.0
0.5,0.0,0.5
-3.469446951953614e-18,0.5,0.5
-1.0408340855860843e-16,0.5,0.49999999999999983
0.5,0.5,0.0
0.5,0.0,0.5
0.5,0.0,0.5
0.5,0.0,0.5
0.5,0.0,0.5
0.5,0.0,0.5
0.000682517968722981,0.5000000000000001,0.49931748203127685
0.5,0.0,0.5
0.5,0.0,0.5
0.5,0.0,0.5
0.5,0.0,0.5
0.5,0.0,0.5
0.5,0.5,0.0
0.5,0.0,0.5
0.5,0.0,0.5
0.5,0.5,0.0
0.5,0.0,0.5
0.5,0.0,0.5
0.5,0.5,0.0
0.5,0.0,0.5
0.5,0.0,0.5
0.5,0.0,0.5
0.5,0.0,0.5
0.5,0.0,0.5
0.5,0.5,0.0
0.5,0.0,0.5
0.5,0.0,0.5
0.5,0.0,0.5
0.5,0.5,0.0
0.5,0.0,0.5
0.5,0.0,0.5
0.5,0.0,0.5
0.5,0.5,0.0
0.5,0.0,0.5
0.5,0.5,0.0
0.5,0.0,0.5
0.5,0.0,0.5
0.5,0.0,0.5
0.3333333333333333,0.3333333333333333,0.3333333333333333
0.5,0.0,0.5
0.5,0.0,0.5
0.5,0.0,0.5
0.5,0.0,0.5
0.5,0.0,0.5
0.5,0.0,0.5
0.3333333333333333,0.3333333333333333,0.3333333333333333
0.5,0.0,0.5
0.5,0.0,0.5
0.5,0.5,0.0
0.5,0.5,0.0
0.5,0.5,0.0
0.5,0.0,0.5
0.5,0.0,0.5
0.5,0.0,0.5
0.5,0.5,0.0
0.5,-5.551115123125783e-17,0.5
0.5,0.5,0.0
0.5,9.71445146547012e-17,0.4999999999999999
0.5,0.0,0.5
0.5,0.0,0.5
0.5,0.0,0.5
0.5,0.0,0.5
0.5,0.0,0.5
0.5,0.0,0.5
0.5,0.0,0.5
0.5,0.0,0.5
0.5,0.0,0.5
0.5,0.0,0.5
0.5,0.0,0.5
0.5,0.0,0.5
0.5,0.0,0.5
0.5,0.0,0.5
0.5,0.0,0.5
0.5,0.0,0.5
0.5,0.5,0.0
0.5,0.0,0.5
0.5,0.5,0.0
0.5,0.0,0.5
0.5,0.0,0.5
0.5,0.0,0.5
0.5,0.0,0.5
0.5,0.5,0.0
0.5,0.5,0.0
0.5,0.0,0.5
0.5,0.0,0.5
0.49999999999999944,0.49999999999999944,-1.187418219306123e-15
0.5,0.0,0.5
0.5,0.0,0.5
0.5,0.0,0.5
0.5,0.5,0.0
0.5,0.0,0.5
0.4999999999999999,0.4999999999999999,-1.6479873021779665e-16
0.5,0.0,0.5
0.5,0.0,0.5
0.5,0.0,0.5
0.5,0.0,0.5
0.5,0.0,0.5
0.5,0.5,0.0
0.5,0.0,0.5
0.49999999999999983,0.4999999999999997,4.510281037539698e-16
0.5,0.0,0.5
0.5,0.5,0.0
0.5,0.5,0.0
0.5,0.0,0.5
0.5,0.0,0.5
0.5,0.5,0.0
0.5,0.0,0.5
0.5,0.0,0.5
0.5,0.0,0.5
0.5,0.0,0.5
0.5,0.0,0.5
0.5,0.5,0.0
0.5,0.0,0.5
0.5,0.0,0.5
0.5,0.0,0.5
0.5,0.0,0.5
0.5,0.0,0.5
0.5,0.0,0.5
0.2344057168924672,0.49999999999999983,0.26559428310753297
0.5,0.0,0.5
-8.604228440844955e-16,0.49999999999999956,0.49999999999999956
-7.4940054162198e-16,0.49999999999999956,0.49999999999999956
0.5,0.5,0.0
0.5,0.0,0.5
0.5,0.0,0.5
0.5,0.5,0.0
0.5,0.0,0.5
0.5,0.0,0.5
0.5,0.5,0.0
0.5,0.5,0.0
0.5,0.0,0.5
0.5,0.0,0.5
0.5,0.0,0.5
0.5,0.0,0.5
0.5,0.5,0.0
0.5,0.5,0.0
0.5,0.0,0.5
0.5,0.0,0.5
0.5,0.0,0.5
0.5,0.0,0.5
0.5,0.5,0.0
0.5,0.0,0.5
0.5,0.0,0.5
0.5,0.5,0.0
0.5,0.0,0.5
0.5,0.5,0.0
0.5,0.5,0.0
0.5,0.0,0.5
0.5,0.0,0.5
0.5,0.0,0.5
0.5,0.0,0.5
0.5,0.0,0.5
0.5,0.0,0.5
0.5,0.0,0.5
0.5,0.0,0.5
0.5,0.0,0.5
0.5,0.0,0.5
0.5,0.0,0.5
0.5,0.0,0.5
0.5,0.0,0.5
0.5,0.0,0.5
0.5,0.0,0.5
0.5,0.0,0.5
0.5,0.0,0.5
0.5,0.0,0.5
0.5,0.0,0.5
0.5,0.23894997766647003,0.26105002233353
0.5,0.0,0.5
0.5,0.0,0.5
0.5,0.0,0.5
0.5,0.0,0.5
0.5,0.5,0.0
0.5,0.0,0.5
0.4999999999999997,0.4999999999999999,4.2327252813834093e-16
0.5,0.5,0.0
0.5,0.5,0.0
0.5,0.0,0.5
0.5,0.0,0.5
0.5,0.0,0.5
0.5,0.0,0.5
0.5,0.0,0.5
0.5,0.0,0.5
0.5,0.0,0.5
0.5,0.0,0.5
0.5,0.5,0.0
0.5,0.5,0.0
0.5,0.5,0.0
0.5,0.0,0.5
0.5,0.0,0.5
0.5,0.0,0.5
0.5,0.0,0.5
0.5,0.0,0.5
0.5,0.0,0.5
0.5,0.0,0.5
0.5,0.0,0.5
0.5,0.0,0.5
0.5,0.0,0.5
0.5,0.0,0.5
0.5,0.0,0.5
0.5,0.0,0.5
0.5,0.0,0.5
0.5,0.0,0.5
0.5,0.0,0.5
0.2294130223265766,0.2705869776734234,0.49999999999999994
0.0,0.5,0.49999999999999994
-3.6082248300317573e-16,0.4999999999999998,0.4999999999999998
0.5,0.0,0.5
0.5,0.0,0.5
0.5,0.0,0.5
0.5,0.0,0.5
0.5,0.0,0.5
0.5,0.0,0.5
0.5,0.0,0.5
0.5,0.5,0.0
0.5,0.0,0.5
0.5,0.0,0.5
0.5,0.0,0.5
0.5,0.0,0.5
0.5,0.0,0.5
0.2171488037270734,0.5,0.28285119627292654
0.2081136838364273,0.5,0.2918863161635727
0.20467804184065805,0.49999999999999994,0.29532195815934204
0.5,0.0,0.5
0.5,0.0,0.5
0.5,0.0,0.5
0.5,0.0,0.5
0.5,0.0,0.5
0.5,0.0,0.5
0.5,0.0,0.5
0.5,0.0,0.5
0.5,0.5,0.0
0.5,0.5,0.0
0.5,0.5,0.0
0.5,0.0,0.5
0.5,0.0,0.5
0.5,0.5,0.0
0.5,0.0,0.5
0.5,0.0,0.5
0.5,0.0,0.5
0.5,0.0,0.5
0.5,0.0,0.5
0.5,0.0,0.5
0.5,0.5,0.0
0.5,0.0,0.5
0.5,0.0,0.5
0.5,0.0,0.5
0.5,0.0,0.5
0.5,0.0,0.5
0.5,0.0,0.5
0.5,0.0,0.5
0.5,0.0,0.5
0.5,0.0,0.5
0.5,0.5,0.0
0.5,0.0,0.5
0.5,0.0,0.5
0.5,0.0,0.5
0.5,0.0,0.5
0.5,0.0,0.5
0.5,0.0,0.5
0.5,0.0,0.5
0.5,0.0,0.5
0.5,0.0,0.5
0.5,0.0,0.5
0.5,0.0,0.5
0.5,0.0,0.5
0.5,0.5,0.0
-9.9920072216264e-16,0.49999999999999956,0.49999999999999956
0.5,0.5,0.0
0.5,0.0,0.5
0.5,0.0,0.5
0.5,0.0,0.5
0.5,0.0,0.5
0.5,0.0,0.5
0.5,0.0,0.5
0.5,0.0,0.5
0.5,0.0,0.5
7.28583859910259e-17,0.5,0.4999999999999999
0.5,0.0,0.5
0.5,0.0,0.5
0.5,0.0,0.5
0.5,0.0,0.5
0.5,0.0,0.5
0.5,0.0,0.5
0.5,0.0,0.5
0.5,0.0,0.5
0.5,0.0,0.5
0.5,0.0,0.5
0.5,0.0,0.5
0.5,0.0,0.5
0.5,0.0,0.5
0.5,0.0,0.5
0.5,0.0,0.5
0.5,0.0,0.5
0.5,0.0,0.5
0.5,0.5,0.0
0.5,0.0,0.5
0.5,0.0,0.5
0.5,0.0,0.5
0.5,0.0,0.5
0.5,0.0,0.5
0.4999999999999998,0.5000000000000001,1.387778780781446e-16
0.5,0.0,0.5
0.5,0.0,0.5
0.5,0.0,0.5
0.5,0.0,0.5
0.5,0.0,0.5
0.5,0.0,0.5
0.5,0.5,0.0
0.5,0.0,0.5
0.5,0.0,0.5
0.5,0.0,0.5
0.5,0.0,0.5
0.5,0.5,0.0
0.5,0.5,0.0
0.5,0.0,0.5
0.5,0.0,0.5
0.5,0.0,0.5
0.5,0.0,0.5
0.5,0.0,0.5
0.4999999999999998,0.4999999999999998,-5.273559366969492e-16
0.5000000000000001,0.49999999999999994,-2.775557561562892e-17
0.5,0.0,0.5
0.5,0.0,0.5
0.5,0.0,0.5
0.5,0.0,0.5
0.5,0.0,0.5
0.5,0.0,0.5
0.5,0.0,0.5
0.5,0.0,0.5
0.5,0.0,0.5
0.5,0.5,0.0
0.5,0.0,0.5
0.5,0.0,0.5
0.5,0.5,0.0
0.5,0.0,0.5
0.5,0.0,0.5
0.5,0.5,0.0
0.5,0.0,0.5
0.5,0.5,0.0
0.5,0.0,0.5
0.5,0.0,0.5
0.5,0.0,0.5
0.5,0.0,0.5
0.5,0.0,0.5
0.5,0.0,0.5
0.5,0.0,0.5
0.5,0.0,0.5
-1.3877787807814457e-16,0.5,0.5
0.5,0.5,0.0
0.5,0.0,0.5
0.5,0.0,0.5
0.5,0.0,0.5
0.5,0.0,0.5
0.5,0.5,0.0
-1.804112415015879e-16,0.4999999999999999,0.49999999999999983
0.5,0.0,0.5
0.5,0.0,0.5
0.5,0.0,0.5
0.5,0.5,0.0
0.5,0.0,0.5
0.5,0.0,0.5
0.5,0.0,0.5
0.5,0.0,0.5
0.5,0.5,0.0
0.5,0.5,0.0
0.5,0.5,0.0
0.5,0.0,0.5
0.5,0.0,0.5
0.5,0.0,0.5
0.5,0.0,0.5
0.5,0.5,0.0
0.5,0.5,0.0
0.5,0.5,0.0
0.5,0.0,0.5
0.5,0.0,0.5
0.5,0.0,0.5
0.5,0.0,0.5
0.5,0.0,0.5
0.5,0.0,0.5
0.5,0.5,0.0
0.5,0.5,0.0
0.5,0.0,0.5
0.5,0.0,0.5
0.5,0.0,0.5
0.5,0.0,0.5
0.5,0.0,0.5
0.5,0.0,0.5
0.5,0.0,0.5
0.5,0.0,0.5
0.5,0.0,0.5
0.5000000000000001,0.0,0.49999999999999994
0.4999999999999999,-2.2204460492503126e-16,0.4999999999999999
0.5,6.938893903907228e-16,0.49999999999999933
0.4999999999999999,1.6653345369377348e-16,0.5
0.5,0.0,0.5
0.5,0.0,0.5
0.5,0.0,0.5
0.5,0.0,0.5
0.5,0.0,0.5
0.5,0.0,0.5
0.5,0.0,0.5
0.5,0.0,0.5
0.5,0.0,0.5
0.5,0.0,0.5
0.5,0.0,0.5
0.5,0.0,0.5
0.5,0.0,0.5
0.5,0.0,0.5
0.5,0.0,0.5
0.5,0.0,0.5
0.5,0.0,0.5
0.5,0.0,0.5
0.5,0.0,0.5
0.5,0.0,0.5
0.5,0.0,0.5
0.5,0.0,0.5
0.5,0.0,0.5
0.5,0.0,0.5
0.5,0.0,0.5
0.5,0.0,0.5
0.5,0.0,0.5
0.5,0.0,0.5
0.5,0.0,0.5
0.5,0.0,0.5
0.5,0.0,0.5
0.5,0.0,0.5
0.5,0.0,0.5
0.5,0.0,0.5
0.5,0.0,0.5
0.5,0.0,0.5
0.5,0.0,0.5
0.5,0.0,0.5
0.5,0.5,0.0
0.5,0.5,0.0
0.5,0.0,0.5
0.5,0.0,0.5
0.5,0.0,0.5
0.5,0.0,0.5
0.5,0.0,0.5
0.5,0.0,0.5
0.5,0.0,0.5
0.5,0.0,0.5
0.5,0.0,0.5
0.5,0.0,0.5
0.5,0.0,0.5
0.5,0.0,0.5
0.5,0.0,0.5
0.5,0.0,0.5
0.5,0.0,0.5
0.5,0.0,0.5
0.32261464362928816,0.5,0.17738535637071184
0.5,0.5,0.0
0.5,0.5,0.0
0.5,0.0,0.5
0.5,0.0,0.5
0.5,0.0,0.5
0.5,0.0,0.5
0.5,0.0,0.5
0.5,0.0,0.5
0.5,0.0,0.5
0.5,0.0,0.5
0.5,0.0,0.5
0.5,0.0,0.5
0.5,0.0,0.5
0.5,0.0,0.5
0.5,0.0,0.5
-8.361367154208202e-16,0.49999999999999956,0.49999999999999956
0.5,0.5,0.0
-1.457167719820518e-16,0.5,0.49999999999999983
0.18221541449223339,0.31778458550776667,0.5
0.5,0.5,0.0
0.5,0.0,0.5
0.5,0.0,0.5
0.5,0.0,0.5
0.5,0.0,0.5
0.5,0.0,0.5
0.5,0.0,0.5
0.5,0.0,0.5
0.5,0.0,0.5
0.5,0.0,0.5
0.5,0.0,0.5
0.5,0.0,0.5
0.5,0.0,0.5
0.21304815832345853,0.28695184167654164,0.4999999999999999
0.5,0.5,0.0
0.5,0.5,0.0
0.5,0.0,0.5
0.5,0.0,0.5
0.5,0.0,0.5
0.5,0.0,0.5
0.5,0.0,0.5
0.5,0.0,0.5
0.5,0.0,0.5
0.5,0.5,0.0
0.5,0.0,0.5
0.5,0.0,0.5
0.5,0.0,0.5
0.5,0.0,0.5
0.5,0.0,0.5
0.5,0.0,0.5
0.5,0.0,0.5
0.5,0.0,0.5
0.5,0.0,0.5
0.5,0.0,0.5
0.5,0.0,0.5
0.5,0.0,0.5
0.5,0.0,0.5
0.5,0.5,0.0
0.5,0.0,0.5
0.5,0.0,0.5
0.5,0.0,0.5
0.5,0.0,0.5
0.5,0.0,0.5
0.5,0.0,0.5
0.5,0.0,0.5
0.5,0.0,0.5
0.5,0.0,0.5
0.5,0.0,0.5
0.5,0.0,0.5
0.5,0.0,0.5
0.5,0.0,0.5
0.5,0.0,0.5
0.5,0.0,0.5
0.5,0.0,0.5
0.5,0.0,0.5
0.5,0.0,0.5
0.5,0.0,0.5
0.5,0.0,0.5
0.5,0.0,0.5
0.5,0.0,0.5
0.5,0.0,0.5
0.5,0.0,0.5
0.5,0.0,0.5
0.5,0.0,0.5
0.5,0.0,0.5
0.5,0.0,0.5
0.5,0.0,0.5
0.5,0.0,0.5
0.5,0.0,0.5
0.5,0.0,0.5
0.5,0.0,0.5
0.5,0.0,0.5
0.5,0.0,0.5
0.5,0.5,0.0
0.5,0.0,0.5
0.5,0.0,0.5
0.5,0.0,0.5
0.5,0.0,0.5
0.5,0.0,0.5
0.5,0.0,0.5
0.5,0.0,0.5
0.5,0.0,0.5
0.5,0.0,0.5
0.5,0.0,0.5
0.5,0.0,0.5
0.5,0.0,0.5
0.5,0.0,0.5
0.5,0.0,0.5
0.5,0.0,0.5
0.5,0.0,0.5
0.5,0.0,0.5
0.5,0.0,0.5
0.5,0.0,0.5
0.5,0.5,0.0
0.5,0.0,0.5
0.5,0.5,0.0
0.5,0.0,0.5
0.5,0.0,0.5
0.5,0.0,0.5
0.5000000000000001,0.4999999999999999,-9.020562075079398e-17
0.4999999999999995,0.49999999999999967,-9.02056207507939e-16
0.5,0.5,0.0
0.5,0.0,0.5
0.5,0.5,0.0
0.5,0.0,0.5
0.5,0.0,0.5
0.5,0.0,0.5
0.5,0.0,0.5
0.5,0.0,0.5
0.5,0.0,0.5
0.5,0.0,0.5
0.5,0.0,0.5
0.5,0.0,0.5
0.5,0.0,0.5
0.5,0.5,0.0
0.5,0.0,0.5
0.5,0.0,0.5
0.5,0.0,0.5
0.5,0.5,0.0
0.5,0.5,0.0
0.5,0.0,0.5
0.5,0.0,0.5
0.5,0.0,0.5
0.5,0.5,0.0
0.5,0.0,0.5
0.5,0.0,0.5
0.5,0.0,0.5
0.5,0.5,0.0
0.5,0.5,0.0
0.5,0.0,0.5
0.5,0.0,0.5
0.5,0.0,0.5
0.5,0.0,0.5
0.5,0.0,0.5
0.5,0.0,0.5
0.5,0.0,0.5
0.49999999999999944,-1.0547118733938975e-15,0.49999999999999944
0.5,0.0,0.5
0.5,0.0,0.5
0.5,0.0,0.5
0.5,0.0,0.5
0.5,0.0,0.5
0.5,0.0,0.5
0.2934924128400108,0.20650758715998918,0.5
0.3333333333333333,0.3333333333333333,0.3333333333333333
0.3333333333333333,0.3333333333333333,0.3333333333333333
0.5,0.0,0.5
0.5,0.0,0.5
0.5,0.0,0.5
0.5,0.0,0.5
0.5,0.0,0.5
0.5,0.0,0.5
0.5,0.0,0.5
0.5,0.0,0.5
0.5,0.0,0.5
0.5,0.0,0.5
0.5,0.0,0.5
0.5,0.0,0.5
0.5,0.0,0.5
0.5,0.0,0.5
0.5,0.0,0.5
0.5,0.0,0.5
0.5,0.0,0.5
0.5,0.0,0.5
0.5,0.5,0.0
0.5,0.0,0.5
0.5,0.0,0.5
0.5,0.0,0.5
0.5,0.5,0.0
0.5,0.0,0.5
0.5,0.0,0.5
0.5,0.0,0.5
0.5,0.5,0.0
-4.145989107584567e-16,0.4999999999999998,0.4999999999999998
0.5,0.0,0.5
0.5,0.0,0.5
0.5,0.0,0.5
0.5,0.0,0.5
0.5,0.0,0.5
0.5,0.0,0.5
0.5,0.0,0.5
0.5,0.0,0.5
0.5,0.0,0.5
0.5,0.0,0.5
0.5,0.0,0.5
0.5,0.0,0.5
0.5,0.0,0.5
0.5,0.0,0.5
-1.942890293094024e-16,0.5,0.49999999999999983
-3.1225022567582513e-16,0.4999999999999998,0.4999999999999998
0.5,0.0,0.5
0.5,0.0,0.5
0.5,0.0,0.5
0.5,0.0,0.5
0.5,0.0,0.5
0.5,0.0,0.5
0.5,0.0,0.5
0.5,0.0,0.5
0.5,0.0,0.5
0.5,0.5,0.0
0.5,0.0,0.5
2.359223927328458e-16,0.5000000000000001,0.49999999999999967
0.5,0.5,0.0
0.5,0.0,0.5
0.5,0.0,0.5
0.5,0.0,0.5
0.5,0.0,0.5
0.5,0.0,0.5
0.5,0.0,0.5
0.5,0.0,0.5
0.5,0.0,0.5
0.5,0.0,0.5
0.5,0.0,0.5
0.5,0.0,0.5
0.49999999999999983,3.469446951953614e-16,0.4999999999999999
0.35162982049406516,0.14837017950593495,0.4999999999999999
0.2858788019557026,0.21412119804429752,0.5
0.2732985354008694,0.22670146459913085,0.4999999999999999
0.5,0.0,0.5
0.5,0.0,0.5
0.5,0.0,0.5
0.5,0.0,0.5
0.5,0.0,0.5
0.5,0.0,0.5
0.5,0.0,0.5
0.5,0.0,0.5
0.5,0.0,0.5
0.5,0.0,0.5
0.5,0.0,0.5
0.5,0.0,0.5
0.49999999999999994,0.0,0.5000000000000001
0.5,0.5,0.0
0.5,1.8041124150158794e-16,0.49999999999999983
0.4999999999999998,-3.4694469519536127e-16,0.4999999999999998
0.5,0.5,0.0
0.5,0.0,0.5
0.5,0.0,0.5
0.5,0.0,0.5
0.5,0.0,0.5
0.5,0.0,0.5
0.5,0.0,0.5
0.5,0.0,0.5
0.5,0.0,0.5
0.5,0.0,0.5
0.5,0.0,0.5
0.5,0.0,0.5
0.5,0.0,0.5
0.5,0.0,0.5
0.5,0.0,0.5
0.5,0.0,0.5
0.5,0.0,0.5
0.5,0.0,0.5
0.5,0.0,0.5
0.5,0.0,0.5
0.5,0.0,0.5
0.5,0.0,0.5
0.5,0.0,0.5
0.5,0.0,0.5
0.5,0.0,0.5
0.5,0.0,0.5
0.5,0.0,0.5
0.5,0.0,0.5
0.5,0.0,0.5
0.5,0.0,0.5
0.5,0.0,0.5
0.5,0.0,0.5
0.5,0.0,0.5
0.5,0.0,0.5
0.5,0.0,0.5
0.5,0.0,0.5
0.5,0.0,0.5
0.5,0.0,0.5
0.5,0.0,0.5
0.5,0.0,0.5
0.5,0.0,0.5
0.5,0.0,0.5
0.5,0.0,0.5
0.5,0.0,0.5
0.5,0.0,0.5
0.5,0.0,0.5
0.3333333333333333,0.3333333333333333,0.3333333333333333
0.4999999999999998,0.5,2.8796409701215e-16
0.5,0.0,0.5
0.5,0.5,0.0
0.5,0.5,0.0
0.5,0.0,0.5
0.5,0.0,0.5
0.5,0.5,0.0
0.5,0.0,0.5
0.5,0.0,0.5
0.5,0.0,0.5
0.5,0.0,0.5
0.5,0.0,0.5
0.5,0.0,0.5
0.5,0.0,0.5
0.5,0.0,0.5
0.5,0.0,0.5
0.5,0.0,0.5
0.5,0.0,0.5
0.5,0.0,0.5
0.5,0.0,0.5
0.5,0.0,0.5
0.5,0.5,0.0
0.5,0.0,0.5
0.5,0.0,0.5
0.5,0.0,0.5
0.5,0.0,0.5
0.5,0.0,0.5
0.5,0.0,0.5
0.5,0.0,0.5
0.5,0.5,0.0
0.5,0.5,0.0
0.5,0.0,0.5
0.5,0.0,0.5
0.5,0.0,0.5
0.5,0.5,0.0
0.5,0.0,0.5
0.5,0.0,0.5
0.5,0.0,0.5
0.5,0.0,0.5
0.5,0.0,0.5
0.5,0.0,0.5
0.5,0.0,0.5
0.5,0.0,0.5
0.5,0.0,0.5
0.5,0.0,0.5
0.5,0.0,0.5
0.5,0.0,0.5
0.5,0.0,0.5
0.5,0.0,0.5
0.5,0.5,0.0
0.5,0.5,0.0
0.5,0.49999999999999994,-1.1102230246251565e-16
0.49999999999999994,0.49999999999999983,2.4980018054066027e-16
0.4999999999999999,0.49999999999999983,3.053113317719181e-16
0.4999999999999997,0.49999999999999983,4.718447854656915e-16
